,,Activation Date,Deactivation Date,Latitude,Longitude,Region,Site ID,Site Name
48_001_0647,1,26-Jul-05,25-Oct-06,31.779444,-95.705833,5,48_001_0647,Palestine C647
48_005_5013,2,2-Sep-05,,31.233889,-94.75,10,48_005_5013,Lufkin KLFK
48_021_0684,3,16-Aug-06,,30.140877,-97.4588971,11,48_021_0684,McKinney Roughs
48_025_0001,4,1-Jan-75,30-Jun-80,28.418889,-97.7525,14,48_025_0001,AC Jones High School
48_025_0641,5,26-Jul-05,18-Oct-06,28.359722,-97.79,14,48_025_0641,Beeville
48_027_0001,6,20-Sep-90,30-Dec-96,31.156667,-97.408333,9,48_027_0001,Draughton Miller Airport
48_027_0651,7,31-Jul-05,7-Nov-06,30.9975,-97.339444,9,48_027_0651,TEMPLE C651
48_027_1045,8,4-Oct-13,,31.1224187,-97.4310523,9,48_027_1045,Temple Georgia
48_027_1047,9,11-Jun-09,,31.0880022,-97.6797343,9,48_027_1047,Killeen Skylark Field
48_029_0001,10,1-Jan-77,31-Dec-81,29.281944,-98.295833,13,48_029_0001,Calveras State Park
48_029_0002,11,1-Jan-81,31-Dec-82,0,0,13,48_029_0002,Camp Bullis - TACB/SAMHD
48_029_0003,12,1-Jan-68,31-Dec-69,29.641944,-98.418611,13,48_029_0003,San Antonio
48_029_0004,13,1-Jan-68,31-Dec-69,29.52,-98.802778,13,48_029_0004,Culebra Road
48_029_0005,14,1-Jan-68,30-Jun-80,29.506111,-98.570278,13,48_029_0005,Oak Hills Country Club
48_029_0006,15,1-Jan-68,31-Dec-69,29.571944,-98.525278,13,48_029_0006,Cadillac Drive Water Pump Station
48_029_0007,16,1-Jan-68,31-Dec-69,29.520833,-98.477778,13,48_029_0007,San Antonio City Service Center
48_029_0008,17,1-Jan-68,31-Dec-74,29.520833,-98.477778,13,48_029_0008,Newport
48_029_0009,18,1-Jan-68,31-Dec-69,29.511111,-98.291944,13,48_029_0009,SARA Sewage Treatment Plant
48_029_0011,19,1-Jan-68,31-Dec-69,29.385556,-98.638333,13,48_029_0011,Lackland City Spring
48_029_0012,20,1-Jan-68,31-Dec-69,29.423611,-98.579167,13,48_029_0012,Hwy 90 Water Pump Station
48_029_0013,21,1-Jan-68,31-Dec-69,29.470833,-98.519444,13,48_029_0013,Edison Dr Water Pump Station
48_029_0014,22,1-Jan-68,31-Dec-69,29.561667,-98.68,13,48_029_0014,Helotes Park Estates
48_029_0015,23,1-Jan-68,31-Dec-69,29.444444,-98.413056,13,48_029_0015,Seale Road Water Pump Station
48_029_0017,24,1-Jan-68,31-Dec-69,29.3275,-98.5375,13,48_029_0017,Bexar Metro Water
48_029_0018,25,1-Jan-68,31-Dec-69,29.3525,-98.453889,13,48_029_0018,New Braunfels Rd City Service Center
48_029_0019,26,1-Jan-68,31-Dec-69,29.365,-98.318056,13,48_029_0019,Beck Road
48_029_0020,27,1-Jan-68,31-Dec-69,29.225556,-98.666667,13,48_029_0020,Somerset Water Pump Station
48_029_0021,28,1-Jan-68,31-Dec-73,29.266667,-98.386111,13,48_029_0021,Braunig Lake Power Plant
48_029_0022,29,1-Jan-69,31-Dec-83,29.527778,-98.474444,13,48_029_0022,San Antonio International Airport
48_029_0023,30,1-Jan-73,31-Dec-73,29.59,-98.641111,13,48_029_0023,Hills and Dales Water Company
48_029_0024,31,1-Jan-71,1-Jan-81,29.4375,-98.564444,13,48_029_0024,Flagle Street Water Pump Station
48_029_0026,32,1-Jan-71,30-Jun-80,29.367778,-98.543611,13,48_029_0026,Southcross
48_029_0027,33,1-Jan-71,30-Jun-80,29.435,-98.416111,13,48_029_0027,Gembler Fire Station
48_029_0029,34,1-Jan-71,1-Jan-73,29.508333,-98.403333,13,48_029_0029,Walzem Pump Station
48_029_0032,35,1-Jul-81,,29.51509,-98.620166,13,48_029_0032,San Antonio Northwest
48_029_0033,36,1-Jan-72,30-Jun-80,29.359444,-98.448889,13,48_029_0033,New Braunfels Road
48_029_0034,37,1-Jan-72,7-Oct-99,29.415278,-98.484722,13,48_029_0034,NW of Bowie &amp; Durange Streets Intersection
48_029_0035,38,1-Jan-73,31-Dec-76,29.44,-98.824722,13,48_029_0035,EPA-480290035
48_029_0036,39,1-Sep-72,11-Aug-98,29.504722,-98.538889,13,48_029_0036,San Antonio North
48_029_0037,40,1-Jan-75,31-Dec-76,29.4375,-98.564444,13,48_029_0037,Flagle Street
48_029_0038,41,1-Jan-75,31-Dec-80,29.370278,-98.545833,13,48_029_0038,West Southcross
48_029_0039,42,1-Jan-75,1-Jan-79,29.435,-98.4125,13,48_029_0039,Gembler
48_029_0040,43,5-Jan-74,31-Dec-88,29.361944,-98.447222,13,48_029_0040,South New Braunfels
48_029_0041,44,1-Jan-77,31-Dec-81,29.429167,-98.493889,13,48_029_0041,Salinas and Camaron
48_029_0042,45,1-Jan-79,30-Dec-96,29.372778,-98.54,13,48_029_0042,East Kelly AFB
48_029_0044,46,1-Jan-84,10-Jan-90,29.518889,-98.473056,13,48_029_0044,International Airport Loop
48_029_0045,47,1-Jan-80,31-Dec-85,29.588889,-98.358333,13,48_029_0045,Kings Mountain
48_029_0046,48,1-Sep-81,6-Oct-10,29.426944,-98.486389,13,48_029_0046,San Antonio Downtown
48_029_0047,49,1-Jan-82,30-Jun-83,29.316667,-98.45,13,48_029_0047,Espada Road
48_029_0048,50,1-Jan-83,31-Dec-87,29.440278,-98.6125,13,48_029_0048,Culebra Road 2
48_029_0050,51,1-Jan-71,30-Dec-96,29.530278,-98.478333,13,48_029_0050,IH-410 San Antonio International Airport
48_029_0051,52,13-Jul-94,,29.4450463,-98.406501,13,48_029_0051,San Antonio Seale
48_029_0052,53,10-Aug-98,,29.6320582,-98.5649364,13,48_029_0052,Camp Bullis
48_029_0053,54,6-Oct-99,,29.5877408,-98.3125118,13,48_029_0053,Selma
48_029_0055,55,11-Mar-99,,29.4072945,-98.431251,13,48_029_0055,CPS Pecan Valley
48_029_0059,56,12-May-98,,29.2753812,-98.3116919,13,48_029_0059,Calaveras Lake
48_029_0060,57,18-May-00,,29.4221832,-98.505381,13,48_029_0060,Frank Wing Municipal Court
48_029_0501,58,17-Jun-02,,29.276667,-98.724444,13,48_029_0501,Elm Creek Elementary
48_029_0502,59,27-Jun-02,,29.73,-98.625556,13,48_029_0502,Fair Oaks Ranch
48_029_0622,60,29-Jul-04,,29.3529047,-98.3328207,13,48_029_0622,Heritage Middle School
48_029_0623,61,28-Jun-05,,29.3319444,-98.3258333,13,48_029_0623,Gardner Rd. Gas Sub-Station
48_029_0625,62,1-Jun-05,,29.2922222,-98.3377778,13,48_029_0625,Gate 9A CPS
48_029_0626,63,1-Jun-05,,29.3177778,-98.3316667,13,48_029_0626,Gate 58 CPS
48_029_0676,64,1-Aug-06,,29.3327898,-98.5513832,13,48_029_0676,Palo Alto
48_029_0677,65,9-Oct-06,,29.4239439,-98.5804991,13,48_029_0677,Old Hwy 90
48_029_1001,66,1-Jan-81,31-Dec-82,29.466389,-98.448333,13,48_029_1001,Brooks Army Hospital
48_029_1002,67,1-Jul-82,31-Dec-88,29.473611,-98.431944,13,48_029_1002,Winans Road
48_029_1052,68,23-Jul-12,18-Dec-13,29.342,-98.472,13,48_029_1052,San Antonio 99th Street
48_029_1069,69,8-Jan-14,,29.5294,-98.39139,13,48_029_1069,San Antonio Interstate 35
48_029_1080,70,18-Nov-16,,29.352911,-98.332814,13,48_029_1080,San Antonio Gardner Road
48_029_2001,71,1-Jan-57,31-Dec-81,29.423333,-98.498611,13,48_029_2001,USEPA-480292001
48_029_2002,72,1-Jan-64,31-Dec-69,29.627778,-98.608889,13,48_029_2002,Fredericksburg Road
48_037_0001,73,1-Jan-64,31-Dec-80,33.436944,-94.078611,5,48_037_0001,USEPA-480370001
48_037_0003,74,1-Jan-78,31-Dec-88,33.429444,-94.052778,5,48_037_0003,Spruce Street
48_037_0004,75,1-Jan-99,25-Feb-16,33.4257582,-94.0708021,5,48_037_0004,Texarkana
48_037_0645,76,20-Jul-05,7-Nov-06,33.5,-94.12,5,48_037_0645,WAMBA Texarkana  NTRD
48_037_1031,77,23-Mar-16,,33.436111,-94.07778,5,48_037_1031,Texarkana New Boston
48_039_0001,78,1-Jan-72,31-Dec-81,29.395278,-95.235556,12,48_039_0001,Alvin Junior College
48_039_0618,79,1-Jun-03,,29.144291,-95.756601,12,48_039_0618,Danciger
48_039_0619,80,1-Jun-03,16-Nov-15,29.308562,-95.19991,12,48_039_0619,Mustang Bayou
48_039_1001,81,1-Jan-66,31-Dec-81,28.993889,-95.334722,12,48_039_1001,Oyster Creek Bend
48_039_1002,82,1-Jan-69,31-Dec-75,29.026944,-95.408333,12,48_039_1002,Hargett &amp; Main
48_039_1003,83,1-Jan-74,,29.0108409,-95.397744,12,48_039_1003,Clute
48_039_1004,84,23-Aug-01,,29.5204432,-95.3925089,12,48_039_1004,Manvel Croix Park
48_039_1012,85,25-May-11,,28.96443,-95.35483,12,48_039_1012,Freeport South Avenue I
48_039_1016,86,10-Jun-03,,29.0437592,-95.4729462,12,48_039_1016,Lake Jackson
48_039_1607,87,14-Dec-16,,29.010556,-95.313333,12,48_039_1607,Oyster Creek
48_041_0001,88,1-Jan-71,31-Dec-81,30.674722,-96.370833,9,48_041_0001,Courthouse Annex
48_041_5011,89,2-Sep-05,,30.5822222,-96.3511111,9,48_041_5011,College Station KCLL
48_043_0001,90,1-Jan-74,31-Dec-74,30.341667,-103.658333,6,48_043_0001,West Holland
48_043_0002,91,1-Mar-01,15-Nov-05,30.365833,-103.649167,6,48_043_0002,Sul Ross University
48_043_0101,92,1-Oct-90,,29.3025518,-103.1779076,6,48_043_0101,Bravo Big Bend
48_049_0001,93,1-Jan-67,30-Jun-80,31.729167,-99.016667,3,48_049_0001,Main &amp; Austin
48_049_0002,94,1-Jan-78,31-Dec-84,31.679444,-98.965278,3,48_049_0002,Indian Creek Road
48_053_0322,95,24-Jun-04,29-Jul-05,30.7324069,-98.2365001,11,48_053_0322,Burnet County Hospital C322
48_053_5009,96,17-Jun-04,,30.7388889,-98.2386111,11,48_053_5009,Burnet County Airport KBMQ
48_055_0062,97,12-Aug-98,5-Apr-03,29.888056,-97.877778,11,48_055_0062,San Marcos Airport
48_055_1604,98,24-Apr-14,,29.864917,-97.664936,11,48_055_1604,Lockhart
48_057_0001,99,1-Jan-71,31-Dec-80,28.675,-96.566667,14,48_057_0001,City Swimming Pool
48_057_0657,100,3-Oct-05,30-Jul-07,28.434167,-96.454722,14,48_057_0657,Port O Connor
48_061_0002,101,1-Jan-74,31-Dec-81,25.883056,-97.491944,15,48_061_0002,Texas Southwest College
48_061_0003,102,1-Jan-74,31-Dec-84,25.936944,-97.408611,15,48_061_0003,Navigation District Office
48_061_0004,103,1-Jan-76,30-Dec-96,25.912222,-97.493889,15,48_061_0004,Gladys Porter Zoo
48_061_0005,104,1-Jan-81,31-Dec-81,0,0,15,48_061_0005,Gladys Porter Zoo 2
48_061_0006,105,1-Jul-93,,25.8925176,-97.4938295,15,48_061_0006,Brownsville
48_061_1001,106,1-Jan-74,31-Dec-77,26.080833,-97.85,15,48_061_1001,St Margaret Ann Catholic Church
48_061_1002,107,1-Jan-81,31-Dec-88,26.208056,-97.695,15,48_061_1002,Sunshine Strip
48_061_1023,108,9-Oct-12,,26.2003347,-97.7126837,15,48_061_1023,Harlingen Teege
48_061_2001,109,1-Feb-61,31-Dec-88,26.206111,-97.718889,15,48_061_2001,Harlingen Water Works
48_061_2002,110,1-Jan-83,1-Feb-08,26.1351726,-97.6300394,15,48_061_2002,San Benito
48_061_2004,111,1-Aug-05,,26.0696153,-97.1621996,15,48_061_2004,Isla Blanca Park
48_061_3001,112,1-Jan-71,31-Dec-72,26.075,-97.208333,15,48_061_3001,City Hall
48_061_4001,113,1-Jan-69,31-Dec-81,26.135,-97.633333,15,48_061_4001,Water Works
48_065_0004,114,29-Jan-04,,35.3359717,-101.587083,1,48_065_0004,Pantex 4
48_065_0005,115,13-Jan-04,,35.3529795,-101.5806223,1,48_065_0005,Pantex 5
48_065_0007,116,12-Jul-99,,35.382749,-101.5608419,1,48_065_0007,Pantex 7
48_065_1001,117,9-Sep-92,26-Jun-95,35.1825,-101.621944,1,48_065_1001,Superfund Site
48_071_0001,118,1-Jan-67,4-Sep-83,29.6475,-94.916111,12,48_071_0001,Beach City Community Building
48_071_0002,119,1-Jan-67,31-Dec-75,29.856389,-94.895833,12,48_071_0002,Mt. Belvieu Fire Station
48_071_0003,120,1-Jan-69,31-Dec-71,29.767778,-94.677778,12,48_071_0003,Fahring Building
48_071_0004,121,1-Jan-72,31-Dec-75,29.818333,-94.377778,12,48_071_0004,Winnie Municipal Annex
48_071_0013,122,6-Sep-00,,29.5462437,-94.7869686,12,48_071_0013,Smith Point Hawkins Camp
48_071_0900,123,1-Aug-81,6-Dec-01,29.878889,-94.921389,12,48_071_0900,HRM 10 Mont Belvieu
48_071_0901,124,1-Aug-81,5-Dec-01,29.765833,-94.910278,12,48_071_0901,HRM 11 East Baytown
48_071_1606,125,15-Apr-16,,29.545789,-94.781386,12,48_071_1606,UH Smith Point
48_085_0001,126,1-Jan-81,1-Jul-99,33.145,-96.822778,4,48_085_0001,SE of Hickory Street &amp; 6th Street Intersection
48_085_0002,127,1-Jan-84,1-Mar-92,33.138889,-96.8275,4,48_085_0002,Gould Plant
48_085_0003,128,1-Jan-84,,33.1423361,-96.8246832,4,48_085_0003,Frisco 5th St
48_085_0005,129,7-May-92,,33.1324003,-96.7864188,4,48_085_0005,Frisco
48_085_0006,130,18-May-92,30-Dec-96,33.134444,-96.825,4,48_085_0006,Gould National Battery
48_085_0007,131,14-Jan-94,,33.1474141,-96.8257693,4,48_085_0007,Frisco 7
48_085_0008,132,14-Jan-94,30-Dec-96,33.1475,-96.828889,4,48_085_0008,Globe Union Battery
48_085_0009,133,15-Jan-95,,33.1446618,-96.8288087,4,48_085_0009,Frisco Eubanks
48_085_0010,134,9-Nov-99,1-Oct-04,33.355833,-96.551111,4,48_085_0010,Anna
48_085_0029,135,7-Jan-11,,33.1360249,-96.8244725,4,48_085_0029,Frisco Stonebrook
48_085_0085,136,1-Jan-86,31-Dec-86,33.246667,-96.656667,4,48_085_0085,Erwin City Park
48_091_0001,137,1-Jan-81,31-Dec-83,29.700278,-98.121111,13,48_091_0001,South Seguin Street
48_091_0002,138,1-Jan-81,27-Dec-84,29.721389,-98.126944,13,48_091_0002,North Central Street
48_091_0503,139,27-Aug-02,,29.7608333,-98.4627778,13,48_091_0503,Bulverde Elementary
48_091_0505,140,25-Mar-03,,29.6391667,-98.2986111,13,48_091_0505,City of Garden Ridge
48_097_1504,141,1-Oct-13,,33.63317,-97.153805,4,48_097_1504,Gainesville Doss Street
48_109_0001,142,1-Jan-74,31-Dec-81,31.041667,-104.833333,6,48_109_0001,Van Horn City Hall
48_109_0658,143,26-Apr-06,31-Jan-07,31.891111,-104.806111,6,48_109_0658,GUADALUPE MOUNTAIN NATIONAL PARK C658
48_109_5018,144,1-Aug-05,,31.831111,-104.814444,6,48_109_5018,Guadalupe Pass KGDP
48_113_0001,145,1-Jan-57,31-Dec-66,0,0,4,48_113_0001,USEPA-481130001
48_113_0002,146,1-Jan-68,31-Dec-81,32.744444,-96.873611,4,48_113_0002,USEPA-481130002
48_113_0003,147,1-Jan-71,30-Jun-80,32.771944,-96.836111,4,48_113_0003,West Commerce
48_113_0004,148,1-Jan-71,31-Dec-71,32.813889,-96.870833,4,48_113_0004,Envoy Court
48_113_0005,149,1-Jan-71,31-Dec-71,32.773611,-96.904167,4,48_113_0005,Chalk Hill
48_113_0008,150,1-Jan-71,31-Dec-80,32.836111,-96.836111,4,48_113_0008,Mockingbird Lane Fire Station
48_113_0011,151,1-Jan-71,31-Dec-71,32.773611,-96.795833,4,48_113_0011,South Akard Street
48_113_0012,152,1-Jan-71,31-Dec-71,32.786111,-96.805556,4,48_113_0012,McKinney Avenue
48_113_0018,153,1-Jan-69,1-Jun-16,32.744981,-96.7818829,4,48_113_0018,Morrell
48_113_0020,154,1-Jan-69,5-Jul-02,32.692222,-96.7925,4,48_113_0020,Lancaster
48_113_0023,155,1-Jan-71,30-Jun-80,32.780556,-96.855556,4,48_113_0023,North Hampton Fire Station
48_113_0027,156,1-Jan-71,31-Dec-75,32.736111,-96.686111,4,48_113_0027,Prichard Fire Station
48_113_0028,157,1-Jan-71,31-Dec-80,32.863889,-96.702778,4,48_113_0028,East Northwest Highway
48_113_0029,158,1-Jan-71,30-Jun-98,32.865,-96.808611,4,48_113_0029,N of Douglas &amp; Berkshire Intersection
48_113_0035,159,1-Jan-71,26-Dec-08,32.916667,-96.768611,4,48_113_0035,Coit
48_113_0036,160,1-Jan-71,31-Dec-74,32.772222,-96.747222,4,48_113_0036,Frank
48_113_0038,161,1-Jan-71,31-Dec-88,32.806944,-96.695833,4,48_113_0038,John West Road Fire Station
48_113_0039,162,1-Jan-71,31-Dec-81,32.872222,-96.8875,4,48_113_0039,Brewer
48_113_0040,163,1-Jan-71,31-Dec-80,32.719444,-96.890278,4,48_113_0040,Cockrell Hill Fire Station
48_113_0042,164,1-Jan-73,31-Dec-81,32.816667,-96.75,4,48_113_0042,Belmont
48_113_0044,165,1-Jan-72,31-Dec-88,32.825833,-96.863889,4,48_113_0044,West Mockingbird
48_113_0045,166,1-Jan-73,3-Nov-98,32.919722,-96.808056,4,48_113_0045,Dallas North C5
48_113_0046,167,1-Jan-74,31-Dec-99,32.770278,-96.765833,4,48_113_0046,Dallas Martin Luther King
48_113_0047,168,1-Jan-77,31-Dec-81,32.785,-96.793611,4,48_113_0047,Live Oak &amp; Pearl
48_113_0048,169,1-Jan-77,31-Dec-80,32.773611,-96.904167,4,48_113_0048,Chalk Hill 2
48_113_0049,170,1-Jan-79,31-Dec-88,32.783611,-96.861111,4,48_113_0049,Fish Trap Road
48_113_0050,171,1-Jan-79,,32.7742622,-96.7976859,4,48_113_0050,Convention Center
48_113_0051,172,1-Jan-79,31-Dec-79,32.784722,-96.833333,4,48_113_0051,Pavahoe Pump Station
48_113_0052,173,1-Jan-80,31-Dec-87,32.719444,-96.890833,4,48_113_0052,West Illinois
48_113_0053,174,30-Jan-81,1-Nov-98,32.783333,-96.797222,4,48_113_0053,Dallas Ervay
48_113_0055,175,1-Jan-82,1-Aug-94,32.616389,-96.756944,4,48_113_0055,Bonnie View
48_113_0056,176,1-Jan-81,28-Mar-87,32.735278,-96.774167,4,48_113_0056,Dallas-481130056
48_113_0057,177,1-Jan-82,29-Feb-08,32.7791925,-96.8732943,4,48_113_0057,Boy's Club
48_113_0058,178,1-Jan-82,31-Dec-83,32.779722,-96.874444,4,48_113_0058,B.T. Johnson
48_113_0059,179,1-Jan-82,31-Dec-86,32.775556,-96.870833,4,48_113_0059,Commerce Drive
48_113_0060,180,1-Jan-82,31-Dec-90,32.736111,-96.781667,4,48_113_0060,Pontiac &amp; Sargent
48_113_0061,181,1-Jan-09,,32.7853591,-96.8765711,4,48_113_0061,Earhart
48_113_0063,182,1-Jan-83,31-Dec-86,32.773889,-96.8775,4,48_113_0063,St. Germain
48_113_0064,183,1-Jan-83,31-Dec-94,32.737778,-96.779722,4,48_113_0064,Sargent Road
48_113_0065,184,1-Jan-83,31-Dec-94,32.7375,-96.782222,4,48_113_0065,Rector Street
48_113_0066,185,1-Jan-83,30-Sep-04,32.739722,-96.782778,4,48_113_0066,NOLEN
48_113_0067,186,1-Jan-84,31-Dec-89,32.779722,-96.875556,4,48_113_0067,Toronto Street
48_113_0068,187,1-Jan-85,31-Dec-87,32.769167,-96.8775,4,48_113_0068,La Reunion Parkway
48_113_0069,188,1-Jan-86,,32.8200608,-96.8601165,4,48_113_0069,Dallas Hinton
48_113_0070,189,1-Jan-92,1-Nov-96,32.764722,-96.929444,4,48_113_0070,New Micro
48_113_0071,190,17-Jun-91,30-Dec-96,32.921667,-96.916111,4,48_113_0071,GNB Battery
48_113_0072,191,17-Jul-91,30-Jun-99,32.588889,-96.963333,4,48_113_0072,North of Texas &amp; Houston Streets Intersection
48_113_0073,192,3-Oct-91,31-Dec-93,32.809722,-96.869722,4,48_113_0073,Palmer Paper Co.
48_113_0075,193,2-Nov-98,,32.9192056,-96.8084975,4,48_113_0075,Dallas North #2
48_113_0086,194,1-Jan-86,31-Dec-86,32.9861,-96.761944,4,48_113_0086,Coit Road
48_113_0087,195,1-Jan-95,,32.6764506,-96.8720596,4,48_113_0087,Dallas Redbird Airport Executive
48_113_1001,196,1-Jan-75,30-Jun-80,32.915556,-96.638056,4,48_113_1001,Austin Street
48_113_1002,197,1-Jan-76,31-Dec-84,32.926667,-96.638889,4,48_113_1002,School Administration Building
48_113_1003,198,1-Jan-82,31-Dec-83,0,0,4,48_113_1003,Globe Union Battery SW
48_113_1004,199,1-Jan-82,1-Apr-83,32.983889,-96.665556,4,48_113_1004,Globe Union Battery NW
48_113_1005,200,1-Jan-82,31-Dec-83,0,0,4,48_113_1005,Globe Union Battery NE
48_113_1006,201,17-Mar-94,24-Mar-03,32.910556,-96.669167,4,48_113_1006,Garland
48_113_1047,202,1-Jan-79,30-Sep-92,32.773611,-96.552778,4,48_113_1047,Long Creek
48_113_1067,203,1-Apr-14,,32.92118,-96.75355,4,48_113_1067,Dallas LBJ Freeway
48_113_1500,204,1-Sep-13,,32.630011,-96.800599,4,48_113_1500,Lancaster Cedardale
48_113_1505,205,18-Nov-13,,32.879107,-96.913552,4,48_113_1505,Dallas Elm Fork
48_113_2001,206,1-Jan-73,31-Dec-81,32.758056,-96.966667,4,48_113_2001,Graham Street
48_113_2002,207,1-Jan-72,30-Jul-83,32.741667,-97.008333,4,48_113_2002,West Main Street Fire Station
48_113_2003,208,1-Jan-73,31-Dec-75,32.742222,-96.95,4,48_113_2003,West Main
48_113_2004,209,1-Jan-73,31-Dec-81,32.720556,-96.983333,4,48_113_2004,Marshall
48_113_2005,210,1-Jan-73,31-Dec-81,32.743333,-97.02,4,48_113_2005,NW 13TH
48_113_3001,211,1-Jan-75,24-Jul-83,32.856111,-96.968333,4,48_113_3001,Haley Elementary School
48_113_3002,212,1-Jan-79,27-Dec-84,32.823333,-96.933611,4,48_113_3002,Austin Junior High School
48_113_3003,213,14-Nov-00,1-Apr-06,32.7693798,-96.5462988,4,48_113_3003,Sunnyvale Long Creek
48_113_3004,214,3-Jul-02,9-Sep-05,32.7106,-96.8033,4,48_113_3004,KEIST
48_121_0001,215,1-Jan-72,5-Aug-83,33.216667,-97.133333,4,48_121_0001,New City Hall
48_121_0002,216,1-May-92,31-Dec-92,33.186111,-97.193889,4,48_121_0002,Denton Municipal Airport
48_121_0033,217,16-Jun-93,25-Nov-97,33.206111,-97.195278,4,48_121_0033,Denton Municipal Airport on Airport Road
48_121_0034,218,16-Feb-98,,33.219069,-97.1962836,4,48_121_0034,Denton Airport South
48_121_0054,219,26-Jan-81,15-Dec-99,33.071944,-96.861389,4,48_121_0054,Denton Colony
48_121_1001,220,1-Jan-75,31-Dec-81,33.064444,-97.005833,4,48_121_1001,North Mill Street
48_121_1007,221,27-Oct-10,,33.0458619,-97.1300022,4,48_121_1007,Flower Mound Shiloh
48_121_1013,222,31-Mar-10,,33.13093,-97.29765,4,48_121_1013,DISH Airfield
48_121_1032,223,4-Apr-06,,33.4106476,-96.9445903,4,48_121_1032,Pilot Point
48_121_5008,224,22-Jan-03,,33.206111,-97.198889,4,48_121_5008,Denton Airport KDTO
48_123_1602,225,15-Apr-14,,29.134779,-97.276575,14,48_123_1602,Cuero
48_135_0001,226,1-Jan-63,31-Dec-83,31.873333,-102.345833,7,48_135_0001,USEPA-481350001
48_135_0002,227,19-Nov-75,10-Oct-91,31.872222,-102.3525,7,48_135_0002,University &amp; Park
48_135_0003,228,2-Feb-93,,31.8365747,-102.3420368,7,48_135_0003,Odessa-Hays Elementary School
48_135_0004,229,16-Aug-00,6-Jun-02,31.826389,-102.308333,7,48_135_0004,Odessa El Ranchito
48_135_1014,230,6-Jun-02,,31.8702534,-102.3347563,7,48_135_1014,Odessa Gonzales
48_139_0001,231,1-Jan-81,31-Dec-84,32.483889,-96.994444,4,48_139_0001,City Hall Roof
48_139_0002,232,1-Jan-85,31-Dec-86,32.435833,-96.671389,4,48_139_0002,North City Limits
48_139_0003,233,1-Jan-76,31-Dec-81,32.388333,-96.847222,4,48_139_0003,Optimist Ball Park
48_139_0004,234,18-Jan-91,30-Jan-93,32.498056,-97.003056,4,48_139_0004,Auger Road
48_139_0006,235,10-Mar-92,30-Apr-93,32.543333,-96.926667,4,48_139_0006,Gorman Road
48_139_0007,236,22-Mar-92,1-Apr-97,32.531667,-96.991389,4,48_139_0007,Tayman Drive Water Treatment Plant
48_139_0008,237,22-Mar-92,11-Apr-93,32.429722,-97.017778,4,48_139_0008,Mt. Creek Water Supply
48_139_0011,238,31-Aug-92,20-Oct-93,32.481389,-96.941389,4,48_139_0011,Hidden Valley Trail
48_139_0012,239,16-Jan-93,8-Jan-99,32.462222,-97.037222,4,48_139_0012,Chaparral Steel Company
48_139_0013,240,18-Jan-91,15-Oct-94,32.501389,-97.016111,4,48_139_0013,Auger Road Water Treatment Plant
48_139_0014,241,6-Nov-93,16-Jan-95,32.546111,-96.955278,4,48_139_0014,Box Crow Cement Company
48_139_0015,242,24-Oct-94,22-Aug-07,32.436667,-97.024444,4,48_139_0015,Midlothian Tower
48_139_0016,243,7-Nov-94,,32.4820829,-97.0268987,4,48_139_0016,Midlothian OFW
48_139_0017,244,20-Nov-99,7-Apr-06,32.473611,-97.0425,4,48_139_0017,Midlothian Wyatt Rd
48_139_0082,245,1-Mar-91,31-Dec-91,32.326111,-96.663611,4,48_139_0082,Ennis Airport
48_139_0084,246,1-Jan-85,21-Oct-94,32.461389,-97.005556,4,48_139_0084,Cedar Drive
48_139_0650,247,1-Aug-05,7-Nov-06,32.178333,-96.878056,4,48_139_0650,ITALY HIGH SCHOOL
48_139_1002,248,1-Jan-73,31-Dec-81,32.3875,-96.847222,4,48_139_1002,Water &amp; Elm
48_139_1044,249,21-Aug-07,,32.1754166,-96.8701892,4,48_139_1044,Italy
48_141_0001,250,1-Jan-57,31-Dec-95,31.760833,-106.483333,6,48_141_0001,USEPA-481410001
48_141_0002,251,1-Jan-69,21-May-13,31.7576535,-106.4829215,6,48_141_0002,Tillman
48_141_0003,252,1-Jan-78,31-Dec-87,31.8375,-106.579167,6,48_141_0003,Shorty Lane Fire Station
48_141_0004,253,1-Jan-74,31-Dec-81,31.588611,-106.228611,6,48_141_0004,Clint High School
48_141_0005,254,1-Jan-74,31-Dec-81,31.997222,-106.5975,6,48_141_0005,City Gas Pumps
48_141_0006,255,1-Jan-74,31-Dec-81,31.688333,-106.2075,6,48_141_0006,Darrington
48_141_0007,256,1-Jan-71,29-Dec-86,31.832222,-106.533333,6,48_141_0007,Coranado Fire Station
48_141_0008,257,1-Jan-71,31-Dec-75,31.794444,-106.513889,6,48_141_0008,Koger Building
48_141_0010,258,1-Jan-71,19-Aug-02,31.899722,-106.4125,6,48_141_0010,Northeast Clinic
48_141_0011,259,1-Jan-71,30-Oct-93,31.798611,-106.4,6,48_141_0011,Convair Road
48_141_0012,260,1-Jan-71,31-Dec-74,31.791667,-106.354167,6,48_141_0012,McCrae
48_141_0013,261,1-Jan-72,31-Dec-75,31.808333,-106.236111,6,48_141_0013,El Paso Natural Gas
48_141_0015,262,1-Jan-72,27-Jun-88,31.738889,-106.361111,6,48_141_0015,San Jose Road
48_141_0016,263,1-Jan-81,31-Dec-88,31.773333,-106.407778,6,48_141_0016,Trowbridge at Marlow
48_141_0017,264,1-Jan-71,31-Dec-74,31.759722,-106.411111,6,48_141_0017,Delta Fire Station
48_141_0018,265,1-Jan-71,30-Jun-88,31.766667,-106.438889,6,48_141_0018,Shelter Place
48_141_0019,266,1-Jan-71,31-Dec-88,31.7875,-106.454167,6,48_141_0019,Pershing
48_141_0020,267,1-Jan-71,31-Dec-74,31.855556,-106.446111,6,48_141_0020,Hercules Fire Station
48_141_0021,268,1-Jan-72,31-Dec-81,31.726944,-106.370833,6,48_141_0021,Thomas Manor Elementary School
48_141_0022,269,1-Jun-72,31-Dec-81,31.783333,-106.525,6,48_141_0022,International Boundary
48_141_0023,270,1-Jan-71,31-Dec-81,31.743889,-106.503611,6,48_141_0023,Kern Fire Station
48_141_0024,271,1-Jan-72,31-Dec-86,31.7875,-106.470833,6,48_141_0024,San Diego
48_141_0025,272,1-Jan-73,27-Jun-88,31.844167,-106.591667,6,48_141_0025,Zack White School
48_141_0027,273,1-Jan-73,16-Jan-04,31.763056,-106.486667,6,48_141_0027,EL PASO DOWNTOWN
48_141_0028,274,1-Jan-74,1-Sep-99,31.751667,-106.411111,6,48_141_0028,EL PASO EAST C30
48_141_0029,275,1-Jan-79,,31.7857687,-106.3235781,6,48_141_0029,Ivanhoe
48_141_0030,276,1-Jan-79,30-Jun-88,31.678611,-106.315278,6,48_141_0030,Socorro Road
48_141_0031,277,1-Jan-79,27-Jun-88,31.783333,-106.523056,6,48_141_0031,Paisano-Irrigation Gate Lock
48_141_0033,278,1-Jan-79,22-May-12,31.7772059,-106.5017115,6,48_141_0033,Kern
48_141_0036,279,1-Jan-81,30-Jun-88,31.853056,-106.5925,6,48_141_0036,Mulberry Avenue
48_141_0037,280,1-Jan-81,,31.7682914,-106.5012595,6,48_141_0037,El Paso UTEP
48_141_0038,281,1-Jan-81,,31.7338,-106.3721,6,48_141_0038,Riverside
48_141_0039,282,1-Jan-83,31-Dec-88,31.807778,-106.547222,6,48_141_0039,Teresita Church
48_141_0040,283,1-Jan-83,27-Jun-88,31.785,-106.501111,6,48_141_0040,Althea Park
48_141_0041,284,1-Jan-83,31-Dec-03,31.7605,-106.5004,6,48_141_0041,VILAS
48_141_0042,285,1-Jan-83,27-Jun-88,31.794722,-106.5075,6,48_141_0042,Krupp Drive
48_141_0043,286,6-Jan-91,31-Dec-99,31.652222,-106.291111,6,48_141_0043,Buford
48_141_0044,287,1-Apr-88,,31.7656854,-106.4552272,6,48_141_0044,El Paso Chamizal
48_141_0045,288,31-Aug-88,30-Jun-03,31.846667,-106.588333,6,48_141_0045,LINDBERGH
48_141_0047,289,13-Apr-93,,31.7759422,-106.4131769,6,48_141_0047,Womble
48_141_0050,290,4-Jun-90,11-Sep-09,31.672778,-106.284167,6,48_141_0050,Moon City
48_141_0051,291,1-Dec-90,30-Jan-14,31.801944,-106.420556,6,48_141_0051,Fort Bliss
48_141_0053,292,1-Dec-90,5-Dec-12,31.7585317,-106.5010446,6,48_141_0053,El Paso Sun Metro
48_141_0054,293,7-Jun-96,,31.7038461,-106.356022,6,48_141_0054,El Paso Lower Valley
48_141_0055,294,1-Sep-99,,31.7467753,-106.4028059,6,48_141_0055,Ascarate Park SE
48_141_0057,295,18-Nov-99,,31.6675,-106.288,6,48_141_0057,Socorro Hueco
48_141_0058,296,11-Jul-00,,31.8939133,-106.425827,6,48_141_0058,Skyline Park
48_141_0059,297,13-Apr-01,31-Jul-10,31.8146081,-106.464186,6,48_141_0059,Clendenin School
48_141_0101,298,1-Jan-78,31-Dec-78,0,0,6,48_141_0101,Smeltertown
48_141_0102,299,1-Jan-78,31-Dec-78,0,0,6,48_141_0102,Phelps Dodge
48_141_0693,300,5-Jul-10,,31.81337,-106.46452,6,48_141_0693,Van Buren
48_141_1002,301,1-Jan-72,31-Dec-75,31.882222,-106.582778,6,48_141_1002,Canutillo
48_141_1011,302,5-Aug-11,13-Aug-13,31.758476,-106.407346,6,48_141_1011,El Paso Delta
48_141_1021,303,15-Apr-13,,31.86247,-106.5473,6,48_141_1021,Ojo De Agua
48_149_0001,304,18-May-00,,29.9624745,-96.7458748,11,48_149_0001,Fayette County
48_157_0001,305,1-Jan-74,31-Dec-79,29.537222,-95.635556,12,48_157_0001,Radian-481570001
48_157_0002,306,1-Jan-78,31-Dec-88,29.475,-95.789722,12,48_157_0002,Radian-481570002
48_157_0003,307,1-Jan-74,31-Dec-82,29.415,-95.652778,12,48_157_0003,Radian-481570003
48_157_0004,308,1-Jan-90,31-Dec-90,29.565,-95.798889,12,48_157_0004,Rosenburg Public Works
48_157_0696,309,26-Feb-09,,29.5741,-95.6497,12,48_157_0696,UH Sugarland
48_167_0001,310,1-Jan-76,27-Jun-88,29.466667,-95.058333,12,48_167_0001,North City Building
48_167_0002,311,1-Jan-76,31-Dec-88,29.316667,-94.8,12,48_167_0002,Moody College
48_167_0003,312,1-Jan-80,31-Mar-82,29.276944,-94.820833,12,48_167_0003,Army Reserve Training Building
48_167_0004,313,1-Jan-72,,29.384444,-94.930833,12,48_167_0004,Texas City Fire Station
48_167_0005,314,20-Oct-97,,29.3852338,-94.9315197,12,48_167_0005,Texas City Ball Park
48_167_0012,315,1-Jan-73,31-Dec-81,29.363889,-94.948611,12,48_167_0012,Highway 519 at Highway 146
48_167_0013,316,1-Jan-76,27-Jun-88,29.335556,-94.929722,12,48_167_0013,Loop 197 at Highway 146
48_167_0014,317,1-Dec-93,22-Mar-07,29.263319,-94.8565681,12,48_167_0014,GALVESTON AIRPORT
48_167_0024,318,1-Jan-72,31-Dec-73,29.363889,-94.95,12,48_167_0024,Banana &amp; 3rd
48_167_0025,319,1-Jan-72,31-Dec-81,29.545833,-95.026389,12,48_167_0025,Clear Creek
48_167_0026,320,1-Jan-72,31-Dec-81,29.509722,-95.1,12,48_167_0026,Galveston County Park
48_167_0031,321,1-Jan-72,22-Jun-89,29.383333,-94.9,12,48_167_0031,Air Control Lab
48_167_0035,322,1-Jan-72,27-Jun-88,29.370833,-94.95,12,48_167_0035,Shady Lane
48_167_0042,323,1-Jan-72,31-Dec-72,29.365278,-94.979167,12,48_167_0042,Magnolia Street
48_167_0043,324,1-Jan-75,31-Dec-81,29.383611,-94.981944,12,48_167_0043,Washington &amp; Carver
48_167_0044,325,1-Jan-72,31-Dec-72,29.380556,-94.9625,12,48_167_0044,Texas City 5th &amp; Orchard
48_167_0045,326,1-Jan-72,31-Dec-73,29.397222,-94.948611,12,48_167_0045,Magnolia Street 2
48_167_0046,327,1-Jan-72,31-Dec-72,29.408333,-94.908333,12,48_167_0046,Loop 197 Lift Station
48_167_0047,328,1-Jan-72,27-Jun-88,29.283333,-94.823611,12,48_167_0047,Galveston 56 1/2 Street
48_167_0050,329,1-Jan-73,31-Dec-73,29.339167,-94.809167,12,48_167_0050,Texas City Dike
48_167_0051,330,1-Jan-74,11-Aug-83,29.395833,-94.986667,12,48_167_0051,Galveston County Hospital
48_167_0053,331,1-Jan-79,30-Jul-07,29.39,-94.919444,12,48_167_0053,NESSLER POOL
48_167_0056,332,1-Jun-03,,29.4057,-94.94712,12,48_167_0056,Texas City 34th Street
48_167_0571,333,12-Sep-03,,29.525556,-95.070556,12,48_167_0571,Clear Creek High School
48_167_0615,334,31-Dec-09,,29.38145,-94.94108,12,48_167_0615,Texas City BP 31st Street (Site 1)
48_167_0616,335,23-Mar-10,,29.36886,-94.91544,12,48_167_0616,Texas City BP Onsite (Site 2)
48_167_0621,336,7-Apr-10,,29.380981,-94.93022,12,48_167_0621,Texas City BP Logan Street (Site 3)
48_167_0683,337,1-Jan-10,31-Jul-16,29.3787,-94.91019,12,48_167_0683,Texas City 11th Street
48_167_0697,338,31-Mar-10,,29.3879,-95.0414,12,48_167_0697,UH Coastal Center
48_167_1001,339,1-Jan-72,31-Dec-81,29.530556,-95.198611,12,48_167_1001,Willowick
48_167_1002,340,1-Jan-74,10-Jul-04,29.397778,-94.933333,12,48_167_1002,TEXAS CITY
48_167_1003,341,1-Jan-72,31-Dec-81,29.388889,-94.904167,12,48_167_1003,Texas City North 5th &amp; 9th
48_167_1005,342,1-Jan-99,1-Mar-03,29.503889,-95.104444,12,48_167_1005,LEAGUE CITY COUNTY BLDG
48_167_1011,343,1-Jan-72,31-Dec-81,29.383611,-94.918056,12,48_167_1011,Texas City 16th &amp; Texas Avenue
48_167_1034,344,20-Mar-07,,29.2544736,-94.8612886,12,48_167_1034,Galveston 99th Street
48_167_1043,345,1-Jan-72,31-Dec-81,29.381944,-94.981944,12,48_167_1043,Texas City 1972-81
48_167_2001,346,1-Jan-59,31-Dec-81,29.3,-94.795833,12,48_167_2001,Rosenburg Avenue
48_167_3001,347,1-Jan-76,27-Jun-88,29.358333,-95,12,48_167_3001,Carbide Park
48_167_4001,348,1-Jan-71,27-Jun-88,29.525,-95.069444,12,48_167_4001,League City East Main
48_167_5001,349,1-Jan-59,31-Dec-71,29.405,-94.920833,12,48_167_5001,USEPA-481675001
48_167_5005,350,22-Jan-03,,29.270278,-94.864167,12,48_167_5005,Galveston Airport KGLS
48_175_0624,351,10-Jul-10,,28.720926,-97.220882,14,48_175_0624,Coleto
48_179_0001,352,1-Jan-72,31-Dec-81,35.5525,-100.958333,1,48_179_0001,Robert E. Lee JH School
48_181_0001,353,1-Jan-81,26-Dec-82,33.756944,-96.535278,4,48_181_0001,Grayson County Health Department
48_181_0002,354,1-Jan-72,31-Dec-81,33.641667,-96.611111,4,48_181_0002,Sherman Police Department
48_181_0003,355,1-Jan-74,31-Dec-81,33.635278,-96.615278,4,48_181_0003,Grayson County Health Department - Houston
48_183_0001,356,1-Jan-77,,32.3786823,-94.7118107,5,48_183_0001,Longview
48_183_0002,357,23-Aug-00,22-Oct-01,32.617778,-94.778889,5,48_183_0002,Longview Big Woods C605
48_187_0504,358,30-Aug-02,,29.7041667,-98.0288889,13,48_187_0504,New Braunfels Airport
48_187_0506,359,26-Mar-03,,29.588611,-97.932222,13,48_187_0506,Seguin Outdoor Learning Center
48_187_5004,360,22-Jan-03,,29.7086111,-98.0452778,13,48_187_5004,New Braunfels Airport KBAZ
48_189_0001,361,1-Jan-75,31-Dec-81,34.180833,-101.736389,2,48_189_0001,Plainview High School
48_199_0002,362,1-Jan-89,31-Dec-93,30.381389,-94.315556,10,48_199_0002,Kountze City Hall
48_201_0001,363,1-Jan-67,11-Aug-83,29.723056,-94.945833,12,48_201_0001,Roseland Park
48_201_0002,364,1-Jan-67,27-Dec-84,29.749444,-94.980556,12,48_201_0002,Park Court Water Tower
48_201_0003,365,1-Jan-70,31-Dec-81,29.773056,-95.029167,12,48_201_0003,Bayway Drive Fire Station
48_201_0004,366,1-Dec-79,15-Jul-97,29.770278,-95.011944,12,48_201_0004,McElroy Park
48_201_0005,367,1-Jan-72,31-Dec-81,30.051944,-95.430833,12,48_201_0005,Spring High School
48_201_0006,368,1-Jan-72,31-Dec-81,29.791111,-95.124167,12,48_201_0006,Channelview High School
48_201_0007,369,1-Jan-68,27-Jun-95,29.720833,-95.383889,12,48_201_0007,Houston City Health Department
48_201_0008,370,1-Jan-67,31-Dec-81,29.7,-95.44,12,48_201_0008,Aberdeen
48_201_0009,371,1-Jan-67,22-Apr-88,29.71,-95.511944,12,48_201_0009,Bellaire
48_201_0010,372,1-Jan-67,27-Aug-89,29.740833,-95.439167,12,48_201_0010,Alabama
48_201_0011,373,1-Jan-68,31-Dec-81,29.82,-95.483889,12,48_201_0011,Bingle-Malibu
48_201_0012,374,1-Jan-67,31-Dec-81,29.856111,-95.381667,12,48_201_0012,Fulton
48_201_0013,375,1-Jan-67,31-Dec-81,29.827222,-95.284722,12,48_201_0013,North Wayside
48_201_0014,376,1-Jan-68,31-Dec-81,29.774722,-95.282222,12,48_201_0014,Pearl
48_201_0015,377,1-Jan-68,31-Dec-81,29.769444,-95.203889,12,48_201_0015,Market
48_201_0016,378,1-Jan-67,31-Dec-81,29.777778,-95.1875,12,48_201_0016,Vicksburg
48_201_0017,379,1-Jan-73,13-Apr-83,29.733056,-95.213056,12,48_201_0017,Clinton-Federal
48_201_0018,380,1-Jan-73,31-Dec-81,29.747222,-95.175,12,48_201_0018,Bulk Materials Plant
48_201_0019,381,1-Jan-72,22-Apr-88,29.745833,-95.202778,12,48_201_0019,Port Houston Terminal Office
48_201_0020,382,1-Jan-73,13-Apr-83,29.751944,-95.103056,12,48_201_0020,Bethlehem Steel
48_201_0021,383,1-Jan-76,31-Dec-81,29.720278,-95.275,12,48_201_0021,Brady Island
48_201_0023,384,1-Jan-73,13-Apr-83,29.725,-95.052778,12,48_201_0023,HL&amp;P Bertron Station
48_201_0024,385,1-Jan-74,,29.9010364,-95.3261373,12,48_201_0024,Houston Aldine
48_201_0025,386,1-Jan-79,13-Apr-83,29.748611,-95.164444,12,48_201_0025,Bulk Materials Plant 2
48_201_0026,387,1-Jan-80,,29.8027073,-95.1254948,12,48_201_0026,Channelview
48_201_0029,388,1-Jan-81,,30.039524,-95.6739508,12,48_201_0029,Northwest Harris County
48_201_0030,389,6-Dec-05,2-Oct-07,29.8542881,-95.1287108,12,48_201_0030,Channelview North
48_201_0031,390,1-Jan-83,27-Dec-84,29.778611,-95.171389,12,48_201_0031,Cloverleaf
48_201_0036,391,19-Jul-06,,29.7761,-95.1051,12,48_201_0036,Jacinto Port
48_201_0038,392,1-Jan-75,31-Dec-82,29.837778,-95.285556,12,48_201_0038,Parkhurst
48_201_0039,393,1-Jan-75,31-Dec-84,29.6125,-95.279167,12,48_201_0039,Fuqua
48_201_0040,394,1-Jan-76,31-Dec-88,29.733056,-95.523889,12,48_201_0040,Jeannetta
48_201_0041,395,1-Jan-76,27-Aug-89,29.801389,-95.4375,12,48_201_0041,Seamist
48_201_0042,396,1-Jan-76,31-Dec-88,29.634167,-95.228889,12,48_201_0042,Hartsook
48_201_0043,397,1-Jan-76,22-Apr-88,29.637778,-95.355278,12,48_201_0043,Cullen
48_201_0044,398,1-Jan-68,31-Dec-88,29.697222,-95.438611,12,48_201_0044,Aberdeen 2
48_201_0045,399,1-Jan-76,1-Jan-99,29.834444,-95.493889,12,48_201_0045,BINGLE
48_201_0046,400,1-Jan-76,,29.8280859,-95.2840958,12,48_201_0046,Houston North Wayside
48_201_0047,401,1-Jan-78,,29.834167,-95.489167,12,48_201_0047,Lang
48_201_0048,402,1-Jan-77,29-Dec-94,29.856667,-95.382778,12,48_201_0048,Fulton 2
48_201_0049,403,1-Jan-78,31-Dec-81,29.775833,-95.306944,12,48_201_0049,Kress
48_201_0050,404,1-Jan-78,31-Dec-81,29.7725,-95.205278,12,48_201_0050,Market 2
48_201_0051,405,1-Jan-78,,29.623889,-95.474167,12,48_201_0051,Houston Croquet
48_201_0052,406,1-Jan-79,31-Dec-81,29.7275,-95.276389,12,48_201_0052,Clinton Drive
48_201_0053,407,1-Jan-79,31-Dec-81,29.787222,-95.191667,12,48_201_0053,Granada
48_201_0054,408,1-Jan-80,25-Oct-96,29.775833,-95.3075,12,48_201_0054,Kress 2
48_201_0055,409,24-Mar-98,,29.6957294,-95.499219,12,48_201_0055,Houston Bayland Park
48_201_0056,410,13-Dec-80,31-Dec-88,29.776944,-95.335833,12,48_201_0056,Gregg
48_201_0057,411,21-Oct-97,,29.734231,-95.238469,12,48_201_0057,Galena Park
48_201_0058,412,25-Mar-98,,29.7706975,-95.0312316,12,48_201_0058,Baytown
48_201_0059,413,1-Jan-81,21-Jan-98,29.705833,-95.281111,12,48_201_0059,MANCHESTER
48_201_0060,414,10-Feb-00,,29.8074146,-95.2936223,12,48_201_0060,Houston Kirkpatrick
48_201_0061,415,28-May-98,,29.6150008,-95.0181324,12,48_201_0061,Shore Acres
48_201_0062,416,1-Jan-84,,29.625556,-95.267222,12,48_201_0062,Houston Monroe
48_201_0063,417,1-Jan-84,22-Apr-88,29.725,-95.35,12,48_201_0063,Smith Branch Library
48_201_0064,418,19-Jan-93,1-May-99,29.699444,-95.268889,12,48_201_0064,ALLENDALE SUBDIVISION
48_201_0066,419,1-Jul-94,,29.723333,-95.635833,12,48_201_0066,Houston Westhollow
48_201_0068,420,1-Dec-93,3-May-12,29.9475484,-95.5428231,12,48_201_0068,Houston Wharton
48_201_0069,421,7-Apr-99,,29.7062492,-95.2611301,12,48_201_0069,Milby Park
48_201_0070,422,3-May-00,15-Jun-12,29.73512,-95.3156,12,48_201_0070,Houston Regional Office
48_201_0071,423,17-Jul-00,31-Dec-16,29.7164829,-95.2013298,12,48_201_0071,Pasadena HL&amp;P
48_201_0075,424,30-Mar-01,24-Oct-16,29.752778,-95.350278,12,48_201_0075,Houston Texas Avenue
48_201_0101,425,1-Jan-77,31-Dec-81,0,0,12,48_201_0101,USEPA-482010101
48_201_0307,426,9-May-05,,29.718799,-95.2599093,12,48_201_0307,Manchester/Central
48_201_0416,427,22-Feb-06,,29.686389,-95.294722,12,48_201_0416,Park Place
48_201_0551,428,17-Apr-02,,29.8586111,-95.1602778,12,48_201_0551,Sheldon
48_201_0552,429,11-Jun-03,,29.7330556,-94.9847222,12,48_201_0552,Baytown Wetlands Center
48_201_0553,430,16-Jun-03,,29.9208333,-95.0683333,12,48_201_0553,Crosby Library
48_201_0554,431,24-Dec-03,,29.8330556,-95.6569444,12,48_201_0554,West Houston
48_201_0555,432,1-Jan-04,18-Mar-10,30.0547222,-95.185,12,48_201_0555,Kingwood Library C555
48_201_0556,433,1-Jan-04,,29.6552778,-95.0097222,12,48_201_0556,La Porte Sylvan Beach
48_201_0557,434,12-Feb-04,,30.0380556,-95.3811111,12,48_201_0557,Mercer Arboretum
48_201_0558,435,6-Feb-04,,29.5894444,-95.3536111,12,48_201_0558,Tom Bass
48_201_0559,436,12-Mar-04,,29.8105556,-95.8061111,12,48_201_0559,Katy Park
48_201_0560,437,29-Jul-04,,29.961944,-95.235,12,48_201_0560,Atascocita
48_201_0561,438,30-Jul-04,,30.011667,-95.5225,12,48_201_0561,Meyer Park
48_201_0562,439,8-Oct-04,,29.778333,-95.538056,12,48_201_0562,Bunker Hill Village
48_201_0563,440,21-Sep-10,,30.05786,-95.06147,12,48_201_0563,Huffman Wolf Road
48_201_0570,441,12-Sep-03,,29.5488889,-95.1852778,12,48_201_0570,Clear Brook High School
48_201_0572,442,12-Sep-03,,29.583333,-95.105,12,48_201_0572,Clear Lake High School
48_201_0617,443,30-May-03,,29.821389,-94.99,12,48_201_0617,Wallisville Road
48_201_0669,444,13-Jan-06,,29.694722,-95.252778,12,48_201_0669,TPC FTIR South
48_201_0670,445,1-Jan-06,,29.701944,-95.257222,12,48_201_0670,TPC FTIR North
48_201_0671,446,4-May-06,,29.706111,-95.255,12,48_201_0671,Goodyear GC
48_201_0672,447,19-Jul-06,3-Mar-09,29.6891592,-95.2038208,12,48_201_0672,PASADENA  AAMS  C672
48_201_0673,448,1-Oct-06,,29.7023,-95.256697,12,48_201_0673,Goodyear Houston Site #2
48_201_0695,450,31-Mar-10,,29.7176,-95.3414,12,48_201_0695,UH Moody Tower
48_201_0803,451,14-Nov-92,,29.7647877,-95.1785379,12,48_201_0803,HRM #3 Haden Rd
48_201_0804,452,29-Nov-99,6-Dec-01,29.834722,-95.131944,12,48_201_0804,HRM-4 Sheldon Rd C604
48_201_0807,453,29-Nov-99,7-Dec-01,29.768889,-95.0175,12,48_201_0807,HRM 7 BAYTOWN
48_201_0808,454,1-Nov-99,7-Dec-01,29.646111,-95.056389,12,48_201_0808,HRM-8 LaPorte C608
48_201_1001,455,1-Jan-67,27-Dec-84,29.698056,-95.123889,12,48_201_1001,Center at 13th
48_201_1002,456,1-Jan-73,13-Apr-83,29.728333,-95.120556,12,48_201_1002,Shell Oil Deer Park
48_201_1003,457,1-Jan-81,23-Oct-96,29.679167,-95.130833,12,48_201_1003,DEER PARK
48_201_1004,458,1-Jan-72,27-Dec-84,29.936667,-95.653889,12,48_201_1004,Cy-Fair High School
48_201_1005,459,1-Jan-67,31-Dec-81,29.6375,-95.355278,12,48_201_1005,Cullen-Mowery
48_201_1006,460,1-Jan-68,24-Jun-84,29.722778,-95.345833,12,48_201_1006,Cullen-Elgin
48_201_1008,461,1-Jan-83,27-Dec-84,29.67,-95.193611,12,48_201_1008,Parkside-Strawberry
48_201_1015,462,24-Apr-03,,29.7616528,-95.0813861,12,48_201_1015,Lynchburg Ferry
48_201_1017,463,5-Jun-12,,29.823319,-94.983786,12,48_201_1017,Baytown Garth
48_201_1018,464,1-Jan-71,31-Dec-81,29.775,-95.308333,12,48_201_1018,Kress-Lyons
48_201_1024,465,1-Jan-68,31-Dec-68,29.773056,-95.61,12,48_201_1024,Memorial
48_201_1025,466,1-Jan-67,31-Dec-81,29.646944,-95.4825,12,48_201_1025,Chimney Rock
48_201_1026,467,1-Jan-67,31-Dec-81,29.830278,-95.440278,12,48_201_1026,West 43rd
48_201_1027,468,1-Jan-67,31-Dec-68,29.655556,-95.280556,12,48_201_1027,Airport Boulevard
48_201_1028,469,1-Jan-73,27-Dec-84,29.718333,-95.187222,12,48_201_1028,Phillips Petroleum Adams Terminal
48_201_1029,470,1-Jan-67,31-Dec-68,29.625278,-95.198611,12,48_201_1029,Genoa
48_201_1034,471,1-Jan-73,,29.7679965,-95.2205822,12,48_201_1034,Houston East
48_201_1035,472,1-Jan-72,,29.7337263,-95.2575931,12,48_201_1035,Clinton
48_201_1037,473,17-Aug-71,27-Mar-01,29.751111,-95.361667,12,48_201_1037,HOUSTON CRAWFORD
48_201_1039,474,22-Oct-96,,29.670025,-95.1285077,12,48_201_1039,Houston Deer Park #2
48_201_1040,475,21-May-97,3-May-05,29.613056,-95.173333,12,48_201_1040,ELLINGTON FIELD
48_201_1041,476,17-Apr-00,1-May-03,29.751944,-95.083333,12,48_201_1041,SAN JACINTO MONUMENT
48_201_1042,477,15-Feb-01,20-Jan-17,30.0584604,-95.1897514,12,48_201_1042,Kingwood
48_201_1043,478,9-Jun-05,,29.672,-95.0647,12,48_201_1043,La Porte Airport C243
48_201_1049,479,1-Jul-08,,29.716611,-95.2224669,12,48_201_1049,Pasadena North
48_201_1050,480,29-Jul-01,,29.5830473,-95.0155437,12,48_201_1050,Seabrook Friendship Park
48_201_1052,481,13-Apr-15,,29.81453,-95.38769,12,48_201_1052,Houston North Loop
48_201_1054,482,6-Dec-16,7-Apr-17,29.885356,-95.352383,12,48_201_1054,Houston Hartwick
48_201_1066,483,22-Jan-14,,29.7216,-95.49265,12,48_201_1066,Houston Southwest Freeway
48_201_2001,484,1-Jan-67,31-Dec-68,29.731667,-95.240556,12,48_201_2001,Clinton Street
48_201_2002,485,1-Jan-83,27-Jun-88,29.734444,-95.238611,12,48_201_2002,Stewart Street
48_201_2003,486,1-Jan-72,31-Dec-81,29.698611,-95.567778,12,48_201_2003,Chambers Elementary School
48_201_2004,487,1-Jan-67,31-Dec-81,29.636944,-95.228333,12,48_201_2004,Hartsock
48_201_2005,488,1-Jan-82,31-Dec-84,29.697778,-95.218333,12,48_201_2005,West Harris
48_201_2006,489,1-Jan-72,31-Dec-81,29.653889,-95.118056,12,48_201_2006,San Jacinto Junior College
48_201_3001,490,1-Jan-57,31-Dec-88,29.760556,-95.370278,12,48_201_3001,USEPA-482013001
48_201_3002,491,1-Jan-67,31-Dec-81,29.756389,-95.370278,12,48_201_3002,North San Jacinto
48_201_3003,492,1-Jan-67,31-Dec-81,29.720556,-95.283889,12,48_201_3003,San Antonio-Manchester
48_201_4001,493,1-Jan-68,31-Dec-68,29.769444,-95.245,12,48_201_4001,Jacinto City
48_201_4002,494,1-Jan-73,31-Dec-81,29.659444,-95.015833,12,48_201_4002,Civic Center
48_201_4003,495,1-Jan-75,31-Dec-81,29.716667,-95.2,12,48_201_4003,North Munger
48_201_5001,496,1-Jan-67,31-Dec-68,29.663056,-95.025,12,48_201_5001,La Porte Police Station
48_201_5002,497,1-Jan-67,12-Jun-97,29.713056,-95.2125,12,48_201_5002,Shaw
48_201_6000,498,11-Mar-04,,29.6843603,-95.2535982,12,48_201_6000,Cesar Chavez
48_201_6001,499,1-Jan-67,31-Dec-69,0,0,12,48_201_6001,USEPA-482016001
48_201_7001,500,1-Jan-78,1-Jan-83,29.571944,-95.016667,12,48_201_7001,Seabrook Intermediate School
48_201_8001,501,1-Jan-72,31-Dec-81,29.665556,-95.238889,12,48_201_8001,South Houston Fire Station
48_201_9001,502,1-Jan-72,31-Dec-81,30.091944,-95.621944,12,48_201_9001,Tomball High School
48_203_0002,503,30-Jun-01,,32.6689873,-94.1674569,5,48_203_0002,Karnack
48_203_0003,504,21-May-02,21-Oct-03,32.421111,-94.063889,5,48_203_0003,Waskom C612
48_203_1079,505,6-Dec-16,,32.4702,-94.4815,5,48_203_1079,Hallsville Red Oak Road
48_209_0001,506,1-Jan-71,31-Dec-75,29.879167,-97.933333,11,48_209_0001,Dunbar School
48_209_0002,507,1-Jan-75,31-Dec-81,29.881389,-97.933333,11,48_209_0002,Hays County Health Department
48_209_0614,508,11-Mar-03,,30.2146162,-98.0833473,11,48_209_0614,Dripping Springs School
48_209_0675,509,2-Jun-06,14-Sep-11,29.890833,-97.948333,11,48_209_0675,CAPCOG San Marcos
48_209_1675,510,20-Sep-11,,29.862281,-97.928856,11,48_209_1675,CAPCOG San Marcos Staples Road
48_215_0001,511,1-Jan-66,31-Dec-81,26.205833,-98.241667,15,48_215_0001,McAllen Health Department
48_215_0002,512,1-Jan-74,31-Dec-81,26.088889,-97.966667,15,48_215_0002,Progresso Elementary School
48_215_0003,513,1-Jan-74,31-Dec-78,26.083611,-98.058333,15,48_215_0003,Runn Elementary School
48_215_0004,514,1-Jan-74,31-Dec-79,26.383333,-97.9,15,48_215_0004,KGBT Radio
48_215_0042,515,7-Jan-95,28-Oct-08,26.309858,-98.1831011,15,48_215_0042,Edinburg
48_215_0043,516,1-Jul-95,,26.2262097,-98.291069,15,48_215_0043,Mission
48_215_1001,517,1-Jan-74,31-Dec-81,26.165278,-97.958333,15,48_215_1001,Texas A&amp;I University
48_215_1003,518,1-Jan-81,26-Jun-88,26.2175,-98.235833,15,48_215_1003,Bicentennial at Maple
48_215_1046,519,8-Jul-15,,26.288622,-98.152066,15,48_215_1046,Edinburg East Freddy Gonzalez Drive
48_215_1048,520,29-Oct-08,10-Oct-12,26.1310725,-97.9372883,15,48_215_1048,Mercedes
48_221_0001,521,9-May-00,,32.4423044,-97.8035291,4,48_221_0001,Granbury
48_227_0001,522,1-Jan-71,31-Dec-77,32.248056,-101.466667,7,48_227_0001,Big Spring Fire Station #3
48_227_0002,523,1-Jan-75,23-Aug-83,32.251389,-101.476944,7,48_227_0002,Howard County Courthouse
48_227_1072,524,3-Dec-16,,32.280278,-101.407222,7,48_227_1072,Big Spring Midway
48_231_1006,525,20-Mar-03,,33.1530882,-96.1155717,4,48_231_1006,Greenville
48_233_1073,526,2-Nov-16,,35.6762,-101.4401,1,48_233_1073,Borger FM 1559
48_243_0001,527,1-Jan-74,31-Dec-74,30.583333,-103.883333,6,48_243_0001,Jeff Davis County Courthouse
48_243_0002,528,1-Jan-74,31-Dec-75,30.666667,-104.008333,6,48_243_0002,McDonald Observatory 1974-75
48_243_0003,529,1-Jan-76,31-Dec-81,30.666667,-104.008333,6,48_243_0003,McDonald Observatory 1976-81
48_243_0004,530,18-Mar-02,7-Aug-11,30.6693621,-104.0246568,6,48_243_0004,McDonald Observatory
48_245_0001,531,1-Jan-59,31-Dec-88,30.058333,-94.093333,10,48_245_0001,Beaumont Health Department
48_245_0002,532,1-Jan-71,31-Dec-79,29.991667,-93.958333,10,48_245_0002,Port Neches Avenue B
48_245_0003,533,1-Jan-71,31-Dec-81,29.954167,-94.016667,10,48_245_0003,Jefferson County Airport 1971-81
48_245_0004,534,1-Jan-73,31-Dec-73,30.064722,-94.045833,10,48_245_0004,Gulf States Utilities Neches Station
48_245_0005,535,1-Jan-71,31-Dec-73,30.098056,-94.095833,10,48_245_0005,Beaumont Water Plant
48_245_0006,536,1-Jan-73,31-Dec-79,29.870278,-93.934444,10,48_245_0006,Beaumont Avenue
48_245_0007,537,1-Jan-76,31-Dec-81,30.131667,-94.175833,10,48_245_0007,Lampman Drive Fire Station
48_245_0008,538,1-Jan-79,31-Dec-81,30.041667,-94.079167,10,48_245_0008,Lamar University
48_245_0009,539,1-Jan-80,,30.0364221,-94.0710606,10,48_245_0009,Beaumont Downtown
48_245_0010,540,1-Jan-81,1-Jan-85,29.718056,-93.896944,10,48_245_0010,Tyrell School
48_245_0011,541,1-Jan-81,,29.8975163,-93.9910842,10,48_245_0011,Port Arthur West
48_245_0014,542,1-Sep-93,,29.9611242,-93.895928,10,48_245_0014,Groves
48_245_0017,543,25-Jul-94,,29.9825311,-93.9528657,10,48_245_0017,Port Neches Avenue L
48_245_0018,544,1-Oct-94,,29.9427981,-94.00077,10,48_245_0018,Jefferson County Airport
48_245_0019,545,9-May-97,,29.8938491,-93.9792618,10,48_245_0019,City Service Center / PA
48_245_0020,546,18-Nov-97,30-Jul-08,30.0660458,-94.0773862,10,48_245_0020,CARROLL STREET PARK
48_245_0021,547,6-Mar-00,,29.9228943,-93.9090184,10,48_245_0021,Port Arthur Memorial School
48_245_0022,548,10-Feb-00,,29.8639574,-94.3178017,10,48_245_0022,Hamshire
48_245_0101,549,1-Jan-00,,29.7279314,-93.8940805,10,48_245_0101,SETRPC  40  Sabine Pass
48_245_0102,550,5-Aug-08,,29.9427514,-94.0006841,10,48_245_0102,SETRPC 43 Jefferson Co Airport
48_245_0628,551,5-Oct-04,,29.867756,-93.951163,10,48_245_0628,SETRPC Port Arthur
48_245_1001,552,1-Jan-66,31-Dec-69,29.966667,-93.925,10,48_245_1001,Hogaboom Road
48_245_1004,553,1-Jan-71,31-Dec-71,29.958333,-93.916667,10,48_245_1004,McKinley Water Station
48_245_1005,554,1-Jan-71,1-Jul-75,29.895833,-93.979167,10,48_245_1005,Port Arthur Service Center
48_245_1006,555,1-Jan-71,31-Dec-71,29.983056,-93.945833,10,48_245_1006,Neches Drive
48_245_1008,556,1-Jan-73,31-Dec-73,29.929167,-93.879167,10,48_245_1008,Port Arthur Main Sewage Plant
48_245_1009,557,1-Nov-79,31-Dec-88,29.909444,-93.943333,10,48_245_1009,Memorial Blvd
48_245_1010,558,3-Sep-92,30-Dec-96,30.096944,-94.095556,10,48_245_1010,Chriswell
48_245_1035,559,30-Aug-06,,29.9789255,-94.0108717,10,48_245_1035,Nederland High School
48_245_1050,560,13-Oct-10,24-Sep-15,30.0671163,-94.0909236,10,48_245_1050,Beaumont Mary
48_245_1071,561,30-Sep-16,,29.84855,-93.962194,10,48_245_1071,Port Arthur 7th Street
48_245_2001,562,1-Jan-73,31-Dec-73,29.833333,-94.3375,10,48_245_2001,Winnie &amp; Hamshire
48_245_2003,563,1-Jan-71,31-Dec-71,29.970833,-93.929167,10,48_245_2003,Orchard Street
48_245_2004,564,1-Jan-79,31-Dec-81,29.943056,-94.002778,10,48_245_2004,West 90th Street
48_245_2005,565,1-Jan-71,31-Dec-74,29.945833,-93.945833,10,48_245_2005,Port Neches Sewage Plant
48_245_3001,566,1-Jan-67,31-Dec-71,29.914444,-93.941111,10,48_245_3001,Memorial &amp; 32nd
48_245_3004,567,1-Jan-73,31-Dec-73,29.8375,-93.958333,10,48_245_3004,Picton Towing
48_245_4004,568,1-Jan-72,1-Jul-75,29.965556,-93.953889,10,48_245_4004,Park Street
48_251_0001,569,1-Jan-81,26-Jul-86,32.251667,-97.547778,4,48_251_0001,Cleburne State Park
48_251_0002,570,20-Feb-90,31-Dec-90,32.387222,-97.403333,4,48_251_0002,Cleburne City Service Center
48_251_0003,571,10-May-00,,32.3535945,-97.4367419,4,48_251_0003,Cleburne Airport
48_251_1008,572,23-Nov-10,,32.469701,-97.169271,4,48_251_1008,Johnson County Luisa
48_251_1063,573,1-Oct-12,,32.5418,-97.1175,4,48_251_1063,Mansfield Flying L Lane
48_251_1501,574,13-Jul-13,,32.481821,-97.526759,4,48_251_1501,Godley FM2331
48_253_0001,575,1-Jan-84,10-Mar-86,32.9425,-99.799444,3,48_253_0001,South Swenson
48_255_1070,576,17-Dec-14,,28.880314,-97.888183,13,48_255_1070,Karnes County
48_257_0001,577,1-Mar-91,31-Dec-91,32.760556,-96.311667,4,48_257_0001,Colquitt Road
48_257_0002,578,24-May-92,26-May-93,32.725,-96.318889,4,48_257_0002,Tejas Drive
48_257_0003,579,4-Aug-92,30-Dec-96,32.724444,-96.276667,4,48_257_0003,South Virgina Street
48_257_0005,580,11-Sep-00,,32.5649684,-96.3176873,4,48_257_0005,Kaufman
48_257_0020,581,22-Dec-10,,32.731919,-96.317911,4,48_257_0020,Terrell Temtex
48_273_0314,582,25-Oct-02,,27.4269813,-97.2986922,14,48_273_0314,National Seashore
48_285_0649,583,29-Aug-05,7-Nov-06,29.447222,-96.9325,14,48_285_0649,Halletsville
48_291_0089,584,1-Jan-88,31-Dec-88,30.086111,-94.783056,12,48_291_0089,Liberty Municipal Park
48_291_0699,585,31-Mar-10,,30.0583,-94.9781,12,48_291_0699,UH West Liberty
48_303_0001,586,1-Jan-61,22-Jun-05,33.590851,-101.847594,2,48_303_0001,Lubbock
48_303_0002,587,1-Jan-70,27-Aug-76,33.5725,-101.866667,2,48_303_0002,Fire Station #2
48_303_0003,588,1-Jan-71,31-Dec-73,33.548056,-101.917778,2,48_303_0003,Lubbock 51st &amp; Wayne
48_303_0004,589,1-Jan-71,31-Dec-73,33.508056,-102.008333,2,48_303_0004,Wolfforth Post Office
48_303_0005,590,1-Jan-71,31-Dec-73,33.548056,-101.847222,2,48_303_0005,Lubbock 51st Street
48_303_0006,591,1-Jan-71,31-Dec-73,33.567222,-101.904167,2,48_303_0006,Vanda
48_303_0008,592,1-Jan-71,31-Dec-73,33.580556,-101.938889,2,48_303_0008,Globe
48_303_0009,593,1-Jan-71,31-Dec-73,33.580556,-101.938889,2,48_303_0009,Frankfort
48_303_0010,594,1-Jan-71,31-Dec-73,33.541944,-101.866389,2,48_303_0010,Lubbock 19th Street
48_303_0011,595,1-Jan-71,31-Dec-71,33.578333,-101.8675,2,48_303_0011,Lubbock 20th Street
48_303_0012,596,1-Jan-71,31-Dec-72,33.582778,-101.841667,2,48_303_0012,Lubbock 14th Street
48_303_0013,597,1-Jan-71,31-Dec-73,33.580278,-101.797222,2,48_303_0013,East 17th Street
48_303_0014,598,1-Jan-71,31-Dec-73,33.606667,-101.884722,2,48_303_0014,Erskine
48_303_0015,599,1-Jan-71,31-Dec-73,33.611667,-101.850833,2,48_303_0015,Harvard
48_303_0017,600,1-Jan-71,31-Dec-73,33.659444,-101.819444,2,48_303_0017,Lubbock Airport
48_303_0020,601,1-Jan-72,1-Jul-78,33.528333,-101.856389,2,48_303_0020,Lubbock 73rd Street
48_303_0021,602,1-Jan-72,1-Jul-78,33.588611,-101.808333,2,48_303_0021,Zenith Fire Station
48_303_0023,603,1-Jan-77,31-Dec-80,33.619167,-101.870833,2,48_303_0023,Lubbock State School
48_303_0025,604,9-Feb-94,18-May-95,33.510556,-102.004444,2,48_303_0025,Wolfforth City Limits
48_303_0325,605,20-Aug-08,17-Nov-14,33.5907784,-101.8504183,2,48_303_0325,Lubbock-PM25
48_303_1001,606,1-Jan-71,31-Dec-73,33.6625,-101.683333,2,48_303_1001,Idalou City Hall
48_303_1002,607,1-Jan-71,31-Dec-73,33.433333,-101.6375,2,48_303_1002,Slaton City Hall
48_303_1003,608,1-Jan-71,31-Dec-73,33.69,-101.991667,2,48_303_1003,Shallowater Tower
48_303_1028,609,13-Aug-16,,33.58553,-101.78698,2,48_303_1028,Lubbock 12th Street
48_309_0001,610,1-Jan-58,31-Dec-74,31.556944,-97.122222,9,48_309_0001,USEPA-483090001
48_309_0007,611,1-Jan-73,31-Dec-88,31.548056,-97.163889,9,48_309_0007,Bosque Blvd
48_309_0008,612,1-Jan-76,31-Dec-81,31.558889,-97.132222,9,48_309_0008,Washington Park
48_309_1002,613,1-Jan-00,1-Apr-03,31.520556,-97.200556,9,48_309_1002,WACO
48_309_1037,614,16-Apr-07,,31.6530743,-97.0706982,9,48_309_1037,Waco Mazanec
48_309_5010,615,2-Sep-05,,31.611389,-97.230556,9,48_309_5010,Waco KACT
48_311_0001,616,1-Jan-75,31-Dec-79,28.461944,-98.548611,16,48_311_0001,McMullen County Courthouse
48_315_0050,617,22-Apr-98,30-Jun-01,32.742778,-94.303333,5,48_315_0050,CYPRESS RIVER AIRPORT
48_321_0001,618,1-Jan-65,31-Dec-80,28.685278,-95.973333,12,48_321_0001,USEPA-483210001
48_323_0003,619,1-Jan-71,31-Dec-77,28.683333,-100.5,16,48_323_0003,Maverick County Tax Office
48_323_0004,620,1-Jun-05,,28.704607,-100.4511555,16,48_323_0004,Eagle Pass
48_329_0001,621,1-Jan-71,2-Dec-82,32.006389,-102.070833,7,48_329_0001,Midland City Hall
48_329_0002,622,1-Jan-83,27-Dec-84,31.997778,-102.074167,7,48_329_0002,Midland Civic Center
48_331_1075,623,19-Nov-16,,30.569444,-97.076111,9,48_331_1075,Rockdale John D. Harper Road
48_337_1507,624,31-Oct-13,,33.55896,-97.829658,3,48_337_1507,Bowie Patterson Street
48_339_0001,625,1-Jan-75,31-Dec-76,30.321111,-95.483333,12,48_339_0001,West Davis
48_339_0078,626,1-Oct-01,,30.3503017,-95.4251278,12,48_339_0078,Conroe Relocated
48_339_0088,627,1-Jan-88,31-Dec-88,30.338056,-95.452222,12,48_339_0088,Gulf States Utilities
48_339_0089,628,1-Oct-99,1-Jun-02,30.353889,-95.421667,12,48_339_0089,CONROE
48_339_0698,629,31-Mar-10,,30.2362,-95.4832,12,48_339_0698,UH WG Jones Forest
48_339_5006,630,22-Jan-03,,30.356667,-95.413889,12,48_339_5006,Conroe Airport KCXO
48_341_0001,631,1-Jan-75,31-Dec-76,35.860278,-101.963611,1,48_341_0001,Dumas Junior High School
48_343_0001,632,1-Jan-82,1-May-83,32.918611,-94.710278,5,48_343_0001,Lone Star Steel Works
48_343_0002,633,1-Jan-83,27-Dec-84,32.938889,-94.713889,5,48_343_0002,Lone Star City Hall
48_347_0001,634,1-Jan-75,1-Jan-77,31.628056,-94.647222,10,48_347_0001,SFA University Forestry Building
48_347_0002,635,1-Jan-82,24-Jul-83,31.5775,-94.675,10,48_347_0002,Nacodoches Fire Station
48_349_0001,636,1-Jan-81,10-Oct-83,32.091944,-96.466389,4,48_349_0001,Corsicana Library
48_349_1051,637,16-Jun-09,,32.0319335,-96.3991408,4,48_349_1051,Corsicana Airport
48_349_1081,638,16-Nov-16,,31.9041,-96.352,4,48_349_1081,Richland Southeast 1220 Road
48_349_5014,639,1-Aug-05,,32.028056,-96.400556,4,48_349_5014,Corsicana KCRS
48_351_0639,640,22-Jul-05,7-Nov-06,30.8847222,-93.7419444,10,48_351_0639,Newton NTRD C639
48_355_0001,641,1-Jan-57,31-Dec-88,27.777222,-97.423611,14,48_355_0001,Morgan Street
48_355_0002,642,1-Jan-64,31-Dec-69,27.833889,-97.539444,14,48_355_0002,Upper River Road
48_355_0003,643,1-Jan-69,26-Jun-88,27.737778,-97.3875,14,48_355_0003,Corpus Christi Fire Station #7
48_355_0004,644,1-Jan-69,1-Jul-78,27.818889,-97.455556,14,48_355_0004,Bulk Materials Dock
48_355_0005,645,1-Jan-70,30-Jul-84,27.774722,-97.501389,14,48_355_0005,US Weather Bureau
48_355_0006,646,1-Jan-71,31-Dec-71,27.704167,-97.391667,14,48_355_0006,Holly Road Water Pump House
48_355_0007,647,1-Jan-71,31-Dec-79,27.727778,-97.413889,14,48_355_0007,Kostoryz Fire Station
48_355_0008,648,1-Jan-71,31-Dec-79,27.766667,-97.395833,14,48_355_0008,Louisiana Fire Station
48_355_0009,649,1-Jan-71,31-Dec-74,27.788056,-97.397778,14,48_355_0009,South Caranchua Fire Station
48_355_0010,650,1-Jan-71,31-Dec-71,27.797778,-97.393889,14,48_355_0010,La Retama Library
48_355_0011,651,1-Jan-71,31-Dec-79,27.759722,-97.431944,14,48_355_0011,Horne Road Fire Station
48_355_0012,652,1-Jan-71,30-Dec-96,27.796667,-97.426944,14,48_355_0012,Corpus Christi Fire Station #5
48_355_0013,653,1-Jan-71,31-Dec-79,27.814722,-97.395833,14,48_355_0013,Navigation Boulevard Fire Station
48_355_0014,654,1-Jan-71,31-Dec-71,27.661389,-97.269444,14,48_355_0014,Flour Bluff Health Department Annex
48_355_0015,655,1-Jan-71,30-Jul-84,27.819722,-97.547222,14,48_355_0015,Rand Morgan Road Fire Station
48_355_0016,656,1-Jan-70,31-Dec-78,27.820833,-97.434722,14,48_355_0016,Cantwell Lane
48_355_0017,657,1-Jan-73,31-Dec-76,27.825,-97.429167,14,48_355_0017,Pipe Line Sign Navigation Boulevard
48_355_0019,658,1-Jan-73,31-Dec-81,27.789444,-97.433333,14,48_355_0019,Old Galveston Road
48_355_0020,659,1-Jan-73,30-Sep-02,27.806944,-97.454167,14,48_355_0020,NAVIGATION
48_355_0021,660,1-Jan-77,31-Dec-79,27.757778,-97.428611,14,48_355_0021,Horne Road
48_355_0022,661,1-Jan-77,31-Dec-81,27.833889,-97.5525,14,48_355_0022,West Guth Park
48_355_0023,662,1-Jan-80,31-Dec-88,27.824722,-97.445556,14,48_355_0023,Navigation Blvd
48_355_0024,663,1-Jan-80,30-Jun-88,27.847222,-97.5875,14,48_355_0024,Leopard Street
48_355_0025,664,1-Jan-81,,27.7653399,-97.4342619,14,48_355_0025,Corpus Christi West
48_355_0026,665,1-Jan-84,,27.8324089,-97.5553798,14,48_355_0026,Corpus Christi Tuloso
48_355_0029,666,1-Nov-94,,27.8075444,-97.419258,14,48_355_0029,Corpus Christi Hillcrest
48_355_0030,667,22-Jul-93,4-Oct-98,27.807778,-97.434444,14,48_355_0030,CORPUS CHRISTI POTH
48_355_0032,668,6-Aug-97,,27.8045054,-97.4315816,14,48_355_0032,Corpus Christi Huisache
48_355_0034,669,31-Jan-01,,27.8118166,-97.4657031,14,48_355_0034,Dona Park
48_355_0035,670,2-Dec-04,23-May-16,27.798889,-97.433889,14,48_355_0035,Oak Park
48_355_0036,671,1-Dec-04,23-May-16,27.8175,-97.4197222,14,48_355_0036,Port Grain Elevator
48_355_0037,672,30-Nov-04,23-May-16,27.8244444,-97.4325,14,48_355_0037,J.I Hailey
48_355_0038,673,29-Nov-04,15-May-12,27.8452778,-97.5255556,14,48_355_0038,Inner Harbor
48_355_0039,674,29-Nov-04,23-May-16,27.8272222,-97.5288889,14,48_355_0039,FHR Easement
48_355_0041,675,1-Dec-04,31-May-17,27.8291667,-97.5436111,14,48_355_0041,Solar Estates
48_355_0083,676,18-May-10,,27.8028877,-97.4198783,14,48_355_0083,Corpus Christi Palm
48_355_0660,677,18-Jan-06,,27.703056,-97.3875,14,48_355_0660,Holly Road
48_355_0664,678,12-Jan-06,,27.757778,-97.619444,14,48_355_0664,Violet
48_355_1024,679,8-Aug-05,,27.8038056,-97.4137626,14,48_355_1024,Williams Park
48_361_0001,680,1-Jan-66,31-Dec-71,30.096667,-93.736111,10,48_361_0001,Orange 7th at Elm
48_361_0002,681,1-Jan-67,31-Dec-76,30.096667,-93.736111,10,48_361_0002,Orange Health Department
48_361_1001,682,1-Jan-74,,30.0852629,-93.7613411,10,48_361_1001,West Orange
48_361_1083,683,3-Oct-16,,30.153675,-93.725897,10,48_361_1083,Orange 1st Street
48_361_1100,684,1-Jan-99,,30.1945576,-93.8672365,10,48_361_1100,SETRPC 42 Mauriceville
48_363_1502,685,21-Aug-13,,32.818671,-98.091641,4,48_363_1502,Mineral Wells 23rd Street
48_365_0627,686,5-Jul-04,30-Oct-06,32.355556,-94.051667,5,48_365_0627,Panola C627
48_367_0080,687,1-Jun-88,31-Dec-88,32.761111,-97.831944,4,48_367_0080,Weatherford Agricultural College
48_367_0081,688,26-Jul-00,,32.8687727,-97.9059308,4,48_367_0081,Parker County
48_367_1506,689,13-Oct-13,,32.758655,-97.730285,4,48_367_1506,Weatherford Highway 180
48_373_9001,690,13-Apr-05,17-Oct-08,30.701667,-94.673889,10,48_373_9001,C1027-Alabama-Coushatta-TX
48_375_0001,691,1-Jan-61,31-Dec-71,35.214722,-101.858333,1,48_375_0001,Northwest Texas Hospital
48_375_0002,692,1-Jan-69,21-Apr-88,35.212778,-101.860833,1,48_375_0002,City-County Health Unit
48_375_0003,693,1-Jan-75,1-Jan-77,35.213333,-101.711944,1,48_375_0003,Air Terminal Fire Station
48_375_0004,694,6-Sep-90,9-Jul-96,35.21,-101.840278,1,48_375_0004,Van Buren &amp; 4th
48_375_0005,695,12-Jul-96,11-Apr-05,35.209444,-101.831944,1,48_375_0005,AMARILLO DOWNTOWN
48_375_0024,696,25-Apr-10,,35.2802728,-101.7156402,1,48_375_0024,Amarillo SH 136
48_375_0320,697,12-Apr-05,,35.2015922,-101.9092746,1,48_375_0320,Amarillo A&amp;M
48_375_1025,698,16-Oct-13,,35.236736,-101.787405,1,48_375_1025,Amarillo 24th Avenue
48_375_1077,699,16-Dec-16,,35.3165,-101.7418,1,48_375_1077,Amarillo Xcel El Rancho
48_387_0648,700,26-Jul-05,15-Dec-06,33.619722,-95.06,5,48_387_0648,Clarksville NTRD C648
48_395_1076,701,13-Oct-16,,31.168889,-96.481944,9,48_395_1076,Franklin Oak Grove
48_397_0001,702,8-Aug-00,,32.936523,-96.4592108,4,48_397_0001,Rockwall Heath
48_397_0081,703,1-Jun-88,31-Dec-88,32.943056,-96.369444,4,48_397_0081,East Fate Main Place
48_405_0646,704,27-Jul-05,15-Dec-06,31.539444,-94.170278,10,48_405_0646,San Augustine Airport NTRD
48_409_0001,705,1-Jan-77,31-Dec-79,27.923611,-97.291667,14,48_409_0001,SFA Elementary
48_409_0002,706,1-Jan-81,1-Jan-85,27.940556,-97.588889,14,48_409_0002,Odem
48_409_0659,707,22-Jan-06,30-May-16,27.886667,-97.148611,14,48_409_0659,Aransas Pass
48_409_0685,708,29-Jun-07,,27.901667,-97.249167,14,48_409_0685,Ingleside
48_409_0686,709,11-Dec-06,30-May-16,27.924722,-97.538056,14,48_409_0686,Odem-SEP
48_409_0687,710,7-May-07,30-May-16,27.923333,-97.408611,14,48_409_0687,Taft-SEP
48_411_0653,711,3-Sep-05,7-Mar-06,31.187222,-98.711944,9,48_411_0653,Millpond PK San Saba
48_415_0001,712,1-Jan-76,1-Jan-79,32.706667,-100.910556,3,48_415_0001,Snyder Water Purification Plant
48_423_0001,713,1-Jan-63,31-Dec-69,32.355833,-95.3075,5,48_423_0001,USEPA-484230001
48_423_0002,714,1-Jan-69,4-Apr-87,32.3525,-95.3,5,48_423_0002,Tyler Fire Station
48_423_0003,715,5-Apr-90,27-Jul-96,32.351389,-95.326389,5,48_423_0003,South Vine Street
48_423_0004,716,4-Nov-97,18-May-00,32.358056,-95.409722,5,48_423_0004,at Tyler Airport
48_423_0005,717,20-Jun-94,19-Mar-97,32.492222,-95.183333,5,48_423_0005,WINONA ELEMENTARY SCHOOL
48_423_0006,718,1-Aug-96,30-Dec-96,32.338611,-95.265556,5,48_423_0006,Teague
48_423_0007,719,25-May-00,,32.3440079,-95.4157515,5,48_423_0007,Tyler Airport Relocated
48_439_0001,720,1-Jan-72,31-Dec-76,32.703056,-97.096667,4,48_439_0001,South Collin
48_439_0002,721,1-Jan-72,31-Dec-75,32.736667,-97.115833,4,48_439_0002,Arlington City Hall Annex
48_439_0003,722,1-Jan-72,31-Dec-73,32.756389,-97.135833,4,48_439_0003,Randol Mill Park
48_439_0004,723,1-Jan-72,31-Dec-84,32.75,-97.053889,4,48_439_0004,Randol Mill Park Fire Station
48_439_0005,724,1-Jan-77,31-Dec-81,32.663889,-97.1,4,48_439_0005,Arlington Municipal Airport 1977-81
48_439_0006,725,1-Jan-69,31-Dec-81,32.803056,-97.383333,4,48_439_0006,Azle Avenue
48_439_0007,726,1-Jan-69,31-Dec-80,32.798611,-97.331944,4,48_439_0007,Schwartz
48_439_0008,727,1-Jan-69,31-Dec-71,32.779722,-97.295,4,48_439_0008,Eagle
48_439_0009,728,1-Jan-69,31-Dec-70,32.735278,-97.412222,4,48_439_0009,Dean Road
48_439_0010,729,1-Jan-69,31-Dec-70,32.745833,-97.261667,4,48_439_0010,Meadowbrook
48_439_0011,730,1-Jan-69,31-Dec-80,32.734167,-97.218056,4,48_439_0011,Handley
48_439_0012,731,1-Jan-69,31-Dec-80,32.728333,-97.275556,4,48_439_0012,Avenue I
48_439_0013,732,1-Jan-69,31-Dec-71,32.698611,-97.250556,4,48_439_0013,Wilbarger
48_439_0014,733,1-Jan-69,31-Dec-70,32.695,-97.28,4,48_439_0014,Witchita
48_439_0015,734,1-Jan-69,30-Jun-71,32.726111,-97.332778,4,48_439_0015,Lipscomb
48_439_0016,735,1-Jan-70,31-Dec-78,32.676389,-97.3225,4,48_439_0016,Felix
48_439_0017,736,1-Jan-69,31-Dec-80,32.657778,-97.395,4,48_439_0017,Hulen
48_439_0018,737,1-Jan-71,31-Dec-71,32.738056,-97.350556,4,48_439_0018,University Drive
48_439_0019,738,1-Jan-71,30-Jun-81,32.734722,-97.455556,4,48_439_0019,Cherry Lane
48_439_0020,739,1-Jan-75,31-Dec-75,32.728333,-97.412778,4,48_439_0020,Geddes
48_439_0021,740,1-Jan-71,20-Apr-78,32.716111,-97.335,4,48_439_0021,Cherry Street
48_439_0022,741,1-Jan-72,18-Apr-78,32.755,-97.329722,4,48_439_0022,Commerce Fire Station
48_439_0023,742,1-Jan-82,30-Dec-96,32.695278,-97.321944,4,48_439_0023,Worth Heights Elementary
48_439_0024,743,1-Jan-80,30-Dec-87,32.803333,-97.383333,4,48_439_0024,Azle Fire Station
48_439_0025,744,1-Jan-80,13-Feb-84,32.725,-97.452778,4,48_439_0025,Cherry Lane 2
48_439_0026,745,30-Oct-80,23-Dec-87,32.732778,-97.279167,4,48_439_0026,Wesleyan Avenue
48_439_0029,746,21-Apr-88,7-Mar-00,32.831389,-97.063889,4,48_439_0029,EAST OF FAA &amp; AMERICAN INTERSECTION
48_439_0057,747,19-Feb-98,11-Jul-01,32.706944,-97.093611,4,48_439_0057,Arlington Office
48_439_0060,748,28-Aug-75,27-Dec-01,32.728056,-97.412778,4,48_439_0060,NE OF DIAZ AVE &amp; GUILFORD RD. INTERSECTION
48_439_0061,749,1-Jan-71,8-Mar-83,32.798611,-97.331944,4,48_439_0061,Schwartz Roof
48_439_0062,750,1-Jan-83,21-Jun-88,32.736111,-97.353889,4,48_439_0062,Northeast 36th
48_439_0063,751,1-Jan-85,7-Apr-02,32.741667,-97.468889,4,48_439_0063,FORT WORTH PORTALES
48_439_0066,752,1-Jan-71,31-Dec-80,32.733889,-97.218056,4,48_439_0066,Handley Church Roof
48_439_0067,753,1-Jan-71,31-Dec-75,32.676389,-97.3225,4,48_439_0067,East Felix
48_439_0068,754,1-Jan-72,27-Jun-88,32.738056,-97.350556,4,48_439_0068,University  at Harley
48_439_0069,755,1-Jan-71,31-Dec-75,32.734722,-97.455556,4,48_439_0069,Cherry at Elizabeth
48_439_0070,756,1-Jan-78,27-Jun-88,32.675556,-97.323056,4,48_439_0070,Felix at Vermont
48_439_0075,757,6-Jun-00,,32.9878908,-97.4771754,4,48_439_0075,Eagle Mountain Lake
48_439_0089,758,2-Jul-10,16-Sep-10,32.700483,-97.308013,4,48_439_0089,Fort Worth Yuma
48_439_0097,759,2-Jul-10,16-Sep-10,32.70299,-97.310001,4,48_439_0097,Fort Worth Berry
48_439_1001,760,1-Jan-75,31-Dec-81,32.841389,-97.098056,4,48_439_1001,Trinity High School
48_439_1002,761,1-Jan-75,,32.8058183,-97.3565675,4,48_439_1002,Fort Worth Northwest
48_439_1003,762,1-Jan-76,31-Dec-01,32.759722,-97.328056,4,48_439_1003,FIRE DEPT DOWNTOWN
48_439_1004,763,1-Jan-69,31-Dec-75,32.7575,-97.360556,4,48_439_1004,University Drive 2
48_439_1005,764,1-Jan-69,31-Dec-71,32.773333,-97.345833,4,48_439_1005,Grand Avenue
48_439_1006,765,1-Apr-01,,32.7591432,-97.3423337,4,48_439_1006,Haws Athletic Center
48_439_1009,766,28-Jun-11,,32.621136,-97.290353,4,48_439_1009,Everman Johnson Park
48_439_1018,767,20-Sep-12,,32.726111,-97.108333,4,48_439_1018,Arlington UT Campus
48_439_1053,768,12-Mar-15,,32.664722,-97.338056,4,48_439_1053,Fort Worth California Parkway North
48_439_1062,769,29-Jun-12,,32.658889,-97.200278,4,48_439_1062,Kennedale Treepoint Drive
48_439_1065,770,17-Sep-13,,32.6724056,-97.2911778,4,48_439_1065,Fort Worth Joe B. Rushing Road
48_439_1503,771,1-Oct-13,,32.646711,-97.442658,4,48_439_1503,Fort Worth Benbrook Lake
48_439_2001,772,1-Jan-58,31-Dec-81,32.750278,-97.333611,4,48_439_2001,USEPA-484392001
48_439_2002,773,1-Jan-81,31-Dec-82,32.944167,-97.353333,4,48_439_2002,TCEQ-484392002
48_439_2003,774,11-Feb-81,,32.9224736,-97.282088,4,48_439_2003,Keller
48_439_3001,775,1-Jan-75,31-Dec-81,32.950556,-97.055556,4,48_439_3001,Hwy 121 &amp; Dam Road
48_439_3002,776,29-Jun-94,17-Nov-96,32.943611,-97.069722,4,48_439_3002,FIRE STATION AT GRAPEVINE
48_439_3004,777,12-Aug-94,27-May-96,32.923611,-97.043889,4,48_439_3004,AT THE DALLAS/FORT WORTH AIRPORT
48_439_3005,778,15-Aug-96,30-Jun-00,32.925833,-97.043611,4,48_439_3005,DFW AIRPORT #2
48_439_3006,779,31-Dec-98,1-Sep-05,32.693056,-97.248611,4,48_439_3006,FORT WORTH LOCAL PROGRAM HQS
48_439_3007,780,13-Mar-00,28-Feb-03,32.8319,-97.0661,4,48_439_3007,FAA #2 / #3
48_439_3008,781,14-Mar-01,1-Sep-05,32.810833,-97.336944,4,48_439_3008,DIAMOND HILL
48_439_3009,782,4-Aug-00,,32.9842596,-97.0637211,4,48_439_3009,Grapevine Fairway
48_439_3010,783,1-Jan-02,,32.7392,-97.47033,4,48_439_3010,Stage Coach
48_439_3011,784,17-Jan-02,,32.6563574,-97.0885849,4,48_439_3011,Arlington Municipal Airport
48_439_5007,785,22-Jan-03,,32.663889,-97.095833,4,48_439_5007,Arlington Airport KGKY
48_441_0001,786,1-Jan-61,27-Dec-84,32.4525,-99.741667,3,48_441_0001,Abilene Central Fire Station
48_441_0002,787,1-Jan-79,1-Apr-84,32.235556,-99.8825,3,48_441_0002,Abilene State Park
48_441_1509,788,18-Dec-13,,32.451011,-99.729799,3,48_441_1509,Abilene North 3rd Street
48_441_5015,789,1-Aug-05,,32.411389,-99.681944,3,48_441_5015,Abilene KABI
48_449_0001,790,1-Jan-73,20-Nov-82,33.18,-94.976944,5,48_449_0001,Mount Pleasant Water Treatment Plant
48_449_1078,791,7-Dec-16,,33.0752,-94.8474,5,48_449_1078,Cookville FM 4855
48_451_0001,792,1-Jan-61,31-Dec-76,31.465,-100.4375,8,48_451_0001,San Angelo City Hall
48_451_1001,793,1-Jan-69,31-Dec-84,31.461111,-100.435,8,48_451_1001,Fish Hatchery #1
48_451_5016,794,2-Sep-05,,31.357778,-100.496389,8,48_451_5016,San Angelo KSJT
48_453_0001,795,1-Jan-58,16-Sep-71,30.271111,-97.744444,11,48_453_0001,Austin City Hall
48_453_0002,796,1-Jan-67,31-Dec-81,30.313333,-97.714444,11,48_453_0002,East 53rd
48_453_0003,797,1-Jan-81,28-Feb-97,30.42,-97.706944,11,48_453_0003,PARMER LANE CAMS 25
48_453_0004,798,1-Jan-71,24-Jun-83,30.271111,-97.733889,11,48_453_0004,Austin City-County Health Department
48_453_0005,799,1-Jan-72,24-Jun-83,30.236111,-97.766667,11,48_453_0005,Mollie Dawson School
48_453_0006,800,1-Jan-72,24-Jun-76,30.346944,-97.711667,11,48_453_0006,Research Blvd Fire Station
48_453_0007,801,1-Jan-72,31-Dec-76,30.2625,-97.694444,11,48_453_0007,Govalle Fire Station
48_453_0008,802,1-Jan-72,31-Dec-81,30.337222,-97.758333,11,48_453_0008,Balcones Drive Fire Station
48_453_0010,803,1-Jan-73,30-Dec-96,30.3125,-97.716389,11,48_453_0010,Ridgetop School
48_453_0011,804,1-Jan-73,31-Dec-81,30.212778,-97.7875,11,48_453_0011,Hunters Glen
48_453_0012,805,1-Jan-74,31-Dec-81,30.373611,-97.7375,11,48_453_0012,TACB Headquarters
48_453_0013,806,1-Jan-76,31-Dec-81,30.276389,-97.739444,11,48_453_0013,Lavaca &amp; 17th
48_453_0014,807,1-Jan-79,,30.3544356,-97.7602554,11,48_453_0014,Austin Northwest
48_453_0015,808,1-Jan-79,31-Dec-01,30.238889,-97.702778,11,48_453_0015,TCEQ-484530015
48_453_0016,809,1-Jan-81,14-Nov-99,30.265278,-97.709444,11,48_453_0016,Webberville Road
48_453_0017,810,1-Jun-88,19-May-98,30.264167,-97.746111,11,48_453_0017,AUSTIN DOWNTOWN C32
48_453_0020,811,28-Feb-97,,30.4831681,-97.8723005,11,48_453_0020,Austin Audubon Society
48_453_0021,812,29-Sep-99,,30.2632079,-97.7128831,11,48_453_0021,Austin Webberville Rd
48_453_0326,813,18-Feb-09,,30.2583319,-97.7203007,11,48_453_0326,Zavala Elementary
48_453_0613,814,10-Dec-02,3-Nov-06,30.418611,-97.601389,11,48_453_0613,PFLUGERVILLE WASTEWATER
48_453_1001,815,1-Jan-73,31-Dec-75,30.282778,-97.816667,11,48_453_1001,Camp Croft at Westlake High Road
48_453_1002,816,1-Jan-73,31-Dec-81,30.319444,-97.805556,11,48_453_1002,Mount Larson
48_453_1026,817,4-Sep-14,29-Oct-15,30.259506,-97.7209,11,48_453_1026,Austin 5th Street
48_453_1068,818,16-Apr-14,,30.35386,-97.69166,11,48_453_1068,Austin North Interstate 35
48_453_1603,819,16-Apr-14,,30.216397,-97.893744,11,48_453_1603,Gorzycki Middle School
48_453_1605,820,22-Jan-16,,30.228536,-97.754395,11,48_453_1605,St. Edwards University
48_453_5001,821,15-Sep-98,,30.3136111,-97.7613889,11,48_453_5001,Camp Mabry KATT
48_453_5003,822,17-Jun-04,,30.1944444,-97.67,11,48_453_5003,Austin Bergstrom KAUS
48_465_0002,823,1-Jan-74,31-Dec-78,29.375,-100.916667,16,48_465_0002,Del Rio Central Fire Station
48_465_0003,824,4-Aug-04,1-Aug-05,29.470833,-100.997778,16,48_465_0003,Lake Amistad
48_465_5017,825,1-Aug-05,,29.372778,-100.925833,16,48_465_5017,Del Rio KDRT
48_469_0001,826,1-Jan-75,1-Jan-81,28.820556,-96.984444,14,48_469_0001,Victoria Water Treatment Plant
48_469_0003,827,1-Apr-89,,28.8361697,-97.0055298,14,48_469_0003,Victoria
48_469_0004,828,19-Jul-00,23-Feb-06,28.7513889,-96.8536111,14,48_469_0004,Victoria Rabbit Run C602
48_469_0609,829,9-Jul-10,,28.89962,-96.78513,14,48_469_0609,Inez
48_471_0001,830,1-Jan-75,1-Jan-78,30.723333,-95.544722,12,48_471_0001,Huntsville Shop Building
48_471_5012,831,1-Aug-05,,30.755278,-95.587222,12,48_471_5012,Huntsville KUTS
48_473_0001,832,1-Jan-90,1-Jan-91,30.094444,-96.065833,12,48_473_0001,Texas Highway Department Yard
48_479_0001,833,1-Jan-67,31-Dec-74,27.525,-99.501389,16,48_479_0001,San Bernardo Avenue
48_479_0002,834,1-Jan-67,31-Dec-72,27.509722,-99.517222,16,48_479_0002,USEPA-484790002
48_479_0003,835,1-Jan-71,31-Dec-73,27.508333,-99.513889,16,48_479_0003,Fire Station #1
48_479_0004,836,1-Jan-71,31-Dec-72,27.508611,-99.480556,16,48_479_0004,Guadelupe
48_479_0005,837,1-Jan-71,31-Dec-73,27.416944,-99.479167,16,48_479_0005,Beulah Masterson School
48_479_0006,838,1-Jan-71,31-Dec-72,27.5125,-99.495833,16,48_479_0006,Saint Joseph Academy
48_479_0007,839,1-Jan-71,31-Dec-72,27.559722,-99.500278,16,48_479_0007,Highway Department
48_479_0008,840,1-Jan-71,31-Dec-72,27.538889,-99.511111,16,48_479_0008,Faria School
48_479_0009,841,1-Jan-71,31-Dec-72,27.507222,-99.506944,16,48_479_0009,Fort McIntosh
48_479_0010,842,1-Jan-71,31-Dec-72,27.519444,-99.494444,16,48_479_0010,New Health Building
48_479_0011,843,1-Jan-71,31-Dec-72,27.519444,-99.473611,16,48_479_0011,Fire Station #5
48_479_0012,844,1-Jan-71,31-Dec-72,27.500278,-99.466944,16,48_479_0012,Old Health Building
48_479_0013,845,1-Jan-76,31-Dec-81,27.558333,-99.500278,16,48_479_0013,North Highway Department
48_479_0014,846,1-Jan-83,29-May-89,27.519722,-99.49,16,48_479_0014,Cedar Street
48_479_0015,847,5-Apr-90,18-Nov-95,27.501389,-99.504167,16,48_479_0015,Laredo Junior College
48_479_0016,848,15-Feb-96,,27.5174485,-99.5152185,16,48_479_0016,Laredo Vidaurri
48_479_0017,849,21-Sep-99,,27.5018255,-99.5029843,16,48_479_0017,Laredo Bridge
48_479_0313,850,13-Aug-02,,27.599444,-99.533333,16,48_479_0313,World Trade Bridge
48_485_0001,851,1-Jan-61,31-Dec-80,33.910556,-98.495833,3,48_485_0001,USEPA-484850001
48_485_0002,852,1-Jan-67,30-Dec-96,33.915833,-98.505556,3,48_485_0002,Third Street
48_485_0315,853,14-Mar-05,24-Feb-14,33.8630221,-98.5717882,3,48_485_0315,Wichita Falls
48_485_0652,854,1-Aug-05,14-Feb-07,33.870278,-98.459722,3,48_485_0652,WICHITA FALLS   TEXAQSII
48_485_1508,855,19-Dec-13,,33.849304,-98.506096,3,48_485_1508,Wichita Falls MWSU
48_491_0674,856,2-Jun-06,31-Oct-10,30.532778,-97.685,11,48_491_0674,CAPCOG Round Rock
48_491_0690,857,20-Sep-07,,30.6664421,-97.734579,11,48_491_0690,CAPCOG Lake Georgetown
48_491_6602,858,18-May-11,,30.545706,-97.541794,11,48_491_6602,CAPCOG Hutto College Street
48_493_1038,859,18-Jul-13,,29.130675,-98.14806,13,48_493_1038,Floresville Hospital Boulevard
48_497_0001,860,1-Jan-75,26-Dec-82,33.219167,-97.760833,4,48_497_0001,Bridgeport Water Filtration Plant
48_497_0087,861,6-May-87,30-Sep-87,33.253333,-97.583333,4,48_497_0087,Decatur Airfield
48_497_0088,862,6-Oct-10,,33.221721,-97.584445,4,48_497_0088,Decatur Thompson
48_497_1001,863,1-Jan-83,27-Dec-84,33.291667,-97.659722,4,48_497_1001,Chico High School
48_497_1064,864,12-Nov-12,,33.044028,-97.486618,4,48_497_1064,Rhome Seven Hills Road
80_006_0001,865,4-Jun-90,31-Dec-98,31.718611,-106.396111,NA,80_006_0001,NE of Ave De La Industria &amp; Thomas Fernandez Intersection
80_006_0002,866,4-Jun-90,18-Jun-07,31.731389,-106.428889,NA,80_006_0002,Pestalozzi
80_006_0003,867,4-Jun-90,30-Jun-09,31.638056,-106.443056,NA,80_006_0003,Zenco
80_006_0004,868,4-Jun-90,,31.689722,-106.459722,NA,80_006_0004,CD Juarez Advance
80_006_0005,869,1-Jul-10,,31.654,-106.3545,NA,80_006_0005,Benito Juarez Police Station
80_006_0006,870,22-Jul-96,,31.735556,-106.459722,NA,80_006_0006,CD Juarez 20 30 Club
80_006_0007,871,28-Feb-95,,31.712222,-106.395278,NA,80_006_0007,CD Juarez Delphi
80_006_0010,872,17-Nov-03,23-Feb-04,29.5311,-104.4153,NA,80_006_0010,Presidentia Municipal/City Hall
80_006_0011,873,12-Aug-10,,31.66127,-106.4542,NA,80_006_0011,Ninez Mexicana Juarez
